item_id_A,item_id_B
1910931,102052
1910974,953515
1910985,102879
1910995,114252
1911032,98758
1911090,102056
1911173,2682291
1911187,103673
1911220,114252
1911252,99477
1911256,102695
1912003,1090689
1912007,1089547
1912020,1866136
1912022,100383
1912027,107206
1912028,97584
1912031,952197
1912036,104687
1912057,950914
1912058,1145070
1912078,99299
1912082,93709
1912083,1089556
1912085,111518
1912087,109711
1912088,950261
1912089,2037281
1912180,956803
1912208,107421
1912209,1872717
1912210,109366
1912211,950396
1912212,107443
1912213,108030
1912217,949851
1912251,100041
1912259,100041
1912288,951436
1912296,948603
1912303,115757
1912317,949670
1912318,949670
1912319,949642
1912323,952660
1912326,99869
1912328,102990
1912329,99867
1912332,99837
1912341,96357
1912343,954508
1912349,954507
1912352,104644
1912355,102950
1912356,102903
1912358,114587
1912365,109558
1912366,112841
1912367,111509
1912371,108981
1912374,111724
1912376,108961
1912378,111724
1912380,109299
1912408,110563
1912411,110456
1912446,1087397
1912450,105246
1912453,2156695
1912455,92073
1912483,1091215
1912486,1089743
1912490,102799
1912491,103902
1912495,105557
1912496,102753
1912497,102783
1912498,103910
1912499,96396
1912502,102739
1912503,99443
1912512,92627
1912513,91808
1912514,93190
1912521,2157040
1912529,96302
1912541,958562
1912547,93473
1912574,108966
1912577,1722438
1912578,1722477
1912586,109101
1912591,93839
1912593,954398
1912594,954252
1912595,954224
1912622,114303
1912623,109847
1912627,109514
1912635,1084594
1912711,105568
1912720,101072
1912724,105568
1912762,96038
1912771,96038
1912772,105680
1912773,96038
1912787,1868781
1912792,1891173
1912814,103504
1912822,1090631
1912824,1090633
1912827,96071
1912829,103495
1912832,1090384
1912835,103510
1912836,2031059
1912839,2683593
1912840,1089591
1912856,112889
1912857,108717
1912866,1086205
1912867,96344
1912897,102104
1912898,102104
1912899,2038575
1912942,2038576
1912956,2038574
1912961,97199
1912980,101176
1912988,95540
1913047,95460
1913065,98694
1913066,98695
1913067,952243
1913068,98693
1913071,98703
1913072,98690
1913073,98696
1913078,1084647
1913081,2159259
1913117,1087129
1913118,1086948
1913119,1847166
1913121,102569
1913124,105926
1913128,104884
1913138,1086577
1913139,1086576
1913150,100450
1913172,103921
1913178,101392
1913183,101390
1913191,100141
1913196,101388
1913205,105619
1913206,104488
1913209,101388
1913210,103718
1913226,1850109
1913345,2683761
1913351,1725341
1913355,1725343
1913358,114159
1913370,953710
1913408,88513
1913421,104868
1913427,98931
1913442,107946
1913443,107946
1913456,108332
1913469,104461
1913536,1090057
1913537,105041
1913540,96875
1913541,958515
1913542,98405
1913543,107563
1913549,1083287
1913574,102266
1913575,953213
1913582,952674
1913591,105605
1913609,1088543
1913615,1088543
1913618,2042087
1913622,101668
1913623,105337
1913624,101668
1913627,952996
1913629,953035
1913633,2685719
1913639,954033
1913641,954427
1913642,954510
1913644,110087
1913647,114057
1913649,111002
1913656,113852
1913658,107380
1913668,97072
1913674,1090188
1913675,1090185
1913676,1090200
1913679,108616
1913680,108616
1913685,88071
1913693,91345
1913704,951655
1913706,106921
1913723,109378
1913725,107189
1913731,109381
1913741,950858
1913743,950863
1913745,113012
1913752,110991
1913753,110991
1913754,108256
1913756,948868
1913758,115602
1913759,115602
1913766,107990
1913773,1953553
1913774,948870
1913776,109439
1913780,109891
1913781,109891
1913786,1722519
1913789,948859
1913794,2684654
1913798,2684653
1913802,110111
1913803,110103
1913807,110024
1913809,948872
1913812,111685
1913815,948943
1913819,2684693
1913820,110111
1913822,110110
1913824,110002
1913827,1722518
1913832,108948
1913834,948869
1913837,108953
1913839,110026
1913843,948865
1913845,1722521
1913850,2021681
1913855,107977
1914070,103879
1914096,102338
1914102,1083245
1914161,951957
1914309,110856
1914328,113483
1914329,949103
1914331,113524
1914332,949138
1914337,1091498
1914340,112145
1914341,113777
1914342,949112
1914344,113777
1914346,115518
1914347,115518
1914359,2685850
1914362,102045
1914368,103211
1914373,102189
1914376,105441
1914377,105451
1914383,105441
1914384,105441
1914386,93909
1914395,114582
1914424,950733
1914429,113081
1914435,106819
1914446,113056
1914454,113069
1914459,113073
1914473,114507
1914476,2682169
1914478,2682168
1914489,114001
1914497,108023
1914498,949465
1914504,1722500
1914540,950520
1914541,950520
1914542,108804
1914544,107834
1914549,114412
1914550,1884135
1914551,1884136
1914552,1884119
1914553,113940
1914556,114496
1914557,113039
1914558,107262
1914570,102016
1914577,98818
1914578,98819
1914580,96587
1914582,952571
1914586,1089981
1914588,1092006
1914589,100470
1914590,953665
1914591,100467
1914592,100451
1914594,100474
1914595,104912
1914597,100463
1914598,99312
1914602,103083
1914603,100505
1914606,100488
1914609,100485
1914627,109342
1914637,954805
1914638,954933
1914643,953476
1914646,97884
1914666,109484
1914672,104981
1914673,96342
1914684,98901
1914685,98903
1914686,98898
1914688,98907
1914689,98897
1914692,953839
1914693,953834
1914695,98905
1914701,115027
1914720,957968
1914723,957977
1914733,957990
1914735,957990
1914774,1865623
1914775,93715
1914779,1865624
1914782,954019
1914783,1717971
1914787,954095
1914788,94962
1914789,93887
1914790,94634
1914798,949792
1914799,106746
1914807,114145
1914812,113224
1914816,948882
1914820,107169
1914823,114305
1914828,110068
1914831,114628
1914840,953690
1914849,104351
1914852,104570
1914853,1087443
1914855,104502
1914857,1090004
1914860,96288
1914864,952208
1914874,1084373
1914876,1087424
1914878,952668
1914890,953518
1914898,102901
1914900,1847170
1914902,1091787
1914904,94551
1914905,94528
1914910,94566
1914919,94564
1914923,94533
1914924,94533
1914927,94615
1914928,94526
1914938,1088878
1914939,1088879
1914940,1088882
1914941,1088883
1914942,1088880
1914943,1088881
1914944,1088884
1914949,94495
1914953,94532
1914954,94525
1914967,94541
1914970,94529
1914971,94502
1914973,94503
1914974,94503
1914975,1089040
1914983,950577
1914992,113100
1914993,113100
1914995,950575
1915001,114406
1915002,114406
1915024,100184
1915027,96596
1915028,101953
1915029,952078
1915031,951249
1915060,2011584
1915061,2011584
1915066,93966
1915067,95273
1915073,111133
1915077,102575
1915086,949639
1915089,2684690
1915092,99652
1915096,954696
1915098,92851
1915139,112875
1915141,112875
1915142,106205
1915143,1089966
1915145,114177
1915149,950729
1915150,950729
1915151,112582
1915152,112582
1915154,112582
1915157,113631
1915159,113666
1915164,106518
1915165,112583
1915168,106348
1915169,106348
1915173,100438
1915175,953051
1915177,103008
1915179,103119
1915180,100433
1915181,102999
1915182,103275
1915186,103028
1915187,102989
1915188,103111
1915189,102949
1915191,103038
1915193,100418
1915195,110313
1915196,110313
1915198,948843
1915201,113904
1915204,952287
1915205,952287
1915211,952297
1915212,952262
1915217,952261
1915218,952261
1915222,952299
1915223,952299
1915226,952262
1915229,952300
1915231,952288
1915232,952288
1915233,952300
1915237,952235
1915239,952294
1915244,99192
1915247,114211
1915252,2685572
1915257,112754
1915263,114363
1915264,112061
1915283,108638
1915284,1090323
1915288,950572
1915292,949360
1915293,1091314
1915298,108639
1915299,949617
1915302,1091282
1915307,1090328
1915310,108649
1915311,1090325
1915313,1091295
1915315,1091310
1915316,1091283
1915324,108656
1915326,950475
1915327,1090267
1915328,949612
1915330,108652
1915331,951280
1915334,1476635
1915356,98122
1915357,97439
1915362,102135
1915364,102841
1915371,111729
1915383,953227
1915384,953227
1915385,102727
1915402,94086
1915413,93861
1915425,96609
1915427,109125
1915430,1090108
1915431,98484
1915434,98482
1915435,95576
1915436,95431
1915438,104200
1915440,104309
1915442,958105
1915444,958152
1915445,1089423
1915446,98484
1915447,99949
1915448,958164
1915453,102942
1915456,98492
1915458,1867009
1915459,95706
1915466,100259
1915468,100259
1915469,100248
1915473,100254
1915476,953068
1915477,953067
1915497,101831
1915510,93201
1915512,93205
1915514,92141
1915523,97877
1915524,1725669
1915529,97134
1915535,1867857
1915536,1867858
1915537,1867858
1915557,948972
1915560,948972
1915565,115527
1915628,102306
1915629,952880
1915630,952885
1915631,107901
1915635,95173
1915642,115743
1915643,115755
1915644,107328
1915657,99303
1915666,98494
1915672,1089141
1915673,1089141
1915674,114603
1915676,105455
1915724,950822
1915734,950510
1915738,957286
1915739,957283
1915754,950550
1915760,102808
1915763,1087328
1915765,953646
1915767,952870
1915781,98686
1915782,97721
1915786,100727
1915799,958666
1915801,91410
1915803,91405
1915807,91297
1915864,958664
1915868,958663
1915871,959553
1915872,958661
1915876,955229
1915877,958662
1915879,91422
1915891,103845
1915894,103392
1915911,105992
1915939,108932
1915944,115181
1915945,107836
1915948,107219
1915953,948924
1915954,948849
1915955,948924
1915957,950517
1915959,107941
1915966,109153
1915969,2683660
1915972,114260
1915974,1091419
1915976,109893
1915997,953810
1916000,97581
1916006,953773
1916030,92712
1916031,92711
1916043,111328
1916044,106749
1916045,948477
1916046,948474
1916047,111343
1916048,111415
1916050,111343
1916052,111533
1916054,1089702
1916059,111415
1916061,111328
1916062,106749
1916064,108345
1916065,111328
1916078,2684773
1916079,951187
1916080,107987
1916081,113647
1916082,2684779
1916083,107986
1916085,2684777
1916086,107988
1916100,100226
1916101,100197
1916126,1085938
1916128,114917
1916167,109056
1916172,1083909
1916186,104010
1916187,105922
1916189,105654
1916190,101692
1916194,94359
1916208,1875944
1916209,2031052
1916219,111774
1916278,102890
1916279,102890
1916283,96823
1916286,102174
1916294,107746
1916298,103457
1916302,99652
1916303,88201
1916313,95906
1916320,952600
1916321,101699
1916333,952017
1916342,104191
1916346,105053
1916352,102661
1916361,951898
1916365,951666
1916369,951743
1916372,113609
1916377,1088722
1916378,1088722
1916382,103987
1916392,956127
1916393,956125
1916394,88979
1916400,956126
1916405,89033
1916407,956219
1916416,1086343
1916421,1089991
1916422,110329
1916423,2685115
1916424,2685115
1916432,2138394
1916433,105526
1916434,952305
1916435,952306
1916436,953078
1916437,1726383
1916439,2139832
1916440,97380
1916467,1091946
1916489,101798
1916490,102009
1916491,100014
1916492,100142
1916505,92430
1916508,92429
1916531,108675
1916535,1089709
1916536,1089705
1916538,957972
1916545,115017
1916546,950985
1916569,115765
1916572,106941
1916576,106255
1916577,113636
1916594,108675
1916597,108675
1916599,108675
1916602,109521
1916604,114044
1916608,108675
1916609,108675
1916611,108675
1916643,94154
1916653,952399
1916668,99762
1916669,96853
1916676,99065
1916698,1703511
1916706,1703512
1916707,1703513
1916716,104058
1916748,99616
1916756,103414
1916760,950528
1916766,949118
1916770,108187
1916771,114280
1916773,110664
1916777,113495
1916781,106393
1916785,92899
1916787,954630
1916817,101721
1916826,106736
1916831,115721
1916837,115165
1916841,113890
1916842,948954
1916843,1088532
1916846,108189
1916852,113464
1916853,109522
1916856,109106
1916857,109085
1916858,109086
1916861,109086
1916866,109109
1916869,109508
1916880,109508
1916892,1866123
1916894,102996
1916918,99000
1916921,96220
1916926,98391
1916927,105887
1916929,1703399
1916952,104198
1916953,1084769
1916955,1090518
1916959,97140
1916962,98670
1916963,97654
1916964,97654
1916975,97303
1916980,951709
1916983,103814
1916985,103164
1916988,953596
1916991,106095
1917005,114383
1917007,113320
1917040,98841
1917054,950722
1917065,95758
1917069,88795
1917075,101673
1917085,959553
1917094,103468
1917095,104232
1917096,97486
1917102,103917
1917113,958110
1917119,95617
1917125,112890
1917126,115126
1917127,109293
1917128,112829
1917129,112821
1917130,112838
1917131,109294
1917165,107295
1917168,114014
1917176,114422
1917177,114422
1917192,108013
1917193,109413
1917217,102619
1917223,87875
1917236,1090073
1917243,105517
1917265,111038
1917275,110818
1917277,113812
1917278,114594
1917279,114601
1917292,2157064
1917297,2683700
1917298,110638
1917301,949910
1917302,2157064
1917303,2157065
1917307,949545
1917310,111144
1917312,112232
1917323,112228
1917324,112198
1917326,112223
1917327,112223
1917331,111357
1917346,1091405
1917352,1090681
1917360,104902
1917361,105529
1917366,1083193
1917367,1083196
1917368,1083197
1917369,1089434
1917370,115332
1917398,104623
1917400,103784
1917403,102863
1917404,97397
1917405,103681
1917408,94871
1917410,952159
1917413,95044
1917416,95006
1917417,954359
1917418,95351
1917420,93760
1917421,93562
1917424,94710
1917425,94286
1917426,94163
1917427,94163
1917429,93541
1917430,93451
1917431,94791
1917432,93661
1917434,93528
1917436,95322
1917442,95412
1917444,95074
1917445,954211
1917447,1145523
1917448,95182
1917449,95119
1917455,92934
1917456,93119
1917457,92939
1917458,92829
1917459,92329
1917460,91927
1917461,92801
1917464,105730
1917467,105797
1917468,101817
1917470,96779
1917481,98578
1917483,98579
1917484,110800
1917489,114910
1917541,1858703
1917548,951171
1917552,102444
1917553,103252
1917572,953405
1917576,954471
1917579,93573
1917581,93573
1917596,1089535
1917599,1089460
1917600,101218
1917601,101261
1917607,104706
1917609,104677
1917612,105178
1917613,104553
1917633,99788
1917670,1091455
1917671,1091453
1917672,1091451
1917673,949020
1917674,1091456
1917679,105995
1917681,97356
1917683,1087419
1917684,952485
1917696,97307
1917702,92196
1917710,97929
1917723,1875319
1917736,100472
1917738,99712
1917739,1089638
1917741,1089639
1917753,103969
1917754,1884010
1917756,101932
1917761,98238
1917762,103969
1917766,1864954
1917768,102521
1917772,1089499
1917774,1089507
1917780,1882685
1917782,96358
1917787,1864955
1917788,1722559
1917793,98929
1917794,97959
1917796,97960
1917831,101742
1917832,101591
1917841,94964
1917933,952484
1917942,952904
1917944,1090749
1917945,1091752
1917953,952971
1917955,952902
1918001,113897
1918005,114097
1918010,112696
1918041,950429
1918062,114504
1918134,110132
1918136,110215
1918150,106190
1918175,107039
1918186,108312
1918207,109059
1918224,1086273
1918226,105432
1918229,105313
1918236,951974
1918297,958001
1918298,957999
1918340,102650
1918367,951984
1918376,951983
1918413,953615
1918433,99338
1918440,958610
1918441,958609
1918449,103579
1918452,1088558
1918454,951291
1918517,1725338
1918524,1091020
1918526,103616
1918527,1091018
1918532,104489
1918536,2682291
1918537,1854366
1918540,1091233
1918559,1084572
1918562,1084689
1918566,1847172
1918569,98669
1918570,97652
1918575,1084577
1918588,115452
1918591,109616
1918592,948851
1918593,948856
1918594,114073
1918595,1892969
1918617,103378
1918620,107333
1918633,98706
1918634,98704
1918637,91537
1918656,2683944
1918660,2683942
1918668,109575
1918701,2683946
1918706,106883
1918707,106883
1918713,112686
1918716,106186
1918763,92079
1918766,93019
1918768,93017
1918769,93014
1918773,97063
1918774,94477
1918779,98569
1918780,97778
1918781,101802
1918782,101783
1918783,101825
1918784,95591
1918785,95560
1918787,104523
1918788,103086
1918791,100332
1918792,100276
1918794,100301
1918796,98570
1918810,1088592
1918815,96717
1918823,953177
1918830,1084374
1918831,953599
1918836,952207
1918844,105426
1918852,1848322
1918853,1084284
1918868,952720
1918872,956830
1918879,102566
1918883,101181
1918893,102181
1918895,101143
1918904,102220
1918914,95878
1918916,952379
1918917,952717
1918919,951863
1918920,951854
1918921,951842
1918923,105658
1918924,952431
1918926,105809
1918927,105471
1918930,2683694
1918934,1090393
1918935,1333705
1918937,954450
1918941,95249
1918943,101640
1918944,95010
1918945,101754
1918948,102127
1918951,97480
1918955,105505
1918958,101733
1918959,2136577
1918965,98446
1918966,96974
1918970,104675
1918979,104116
1918981,94911
1918982,94911
1918983,93598
1918986,105649
1918987,105619
1918989,94187
1918992,103665
1919018,2685997
1919069,101443
1919077,94739
1919078,94167
1919079,94439
1919082,951023
1919097,1091972
1919099,1089570
1919100,97673
1919101,97706
1919106,1087808
1919107,958101
1919110,1162318
1919117,92916
1919118,93153
1919119,104586
1919129,114970
1919130,101916
1919139,1703393
1919169,1703504
1919179,1884149
1919181,112787
1919182,108780
1919186,1094231
1919187,1094231
1919188,1094231
1919190,1094231
1919191,88201
1919193,1084661
1919201,97355
1919213,1084371
1919218,1084354
1919228,952980
1919230,1722471
1919232,953884
1919233,1722473
1919288,1091493
1919291,1091499
1919295,1476633
1919314,1090622
1919315,1090625
1919316,1090621
1919319,1090625
1919321,1090620
1919325,105558
1919352,1083250
1919397,98401
1919401,100111
1919405,101843
1919410,105266
1919451,114752
1919484,1891177
1919486,108358
1919490,111381
1919491,107719
1919498,114281
1919500,110866
1919501,110870
1919503,1895157
1919506,949157
1919509,949190
1919513,2685491
1919516,1084320
1919518,110827
1919519,949021
1919523,111445
1919524,111444
1919525,1084322
1919527,110826
1919528,949041
1919529,1476630
1919532,2144560
1919535,2144559
1919536,2144561
1919540,1864044
1919543,2034269
1919545,949329
1919546,111430
1919561,1722506
1919562,1722507
1919563,112249
1919564,111625
1919568,111623
1919569,112247
1919570,107279
1919571,107285
1919572,949004
1919574,107283
1919579,112413
1919580,110679
1919581,110681
1919584,111439
1919585,1864046
1919589,110782
1919590,951172
1919591,2685475
1919592,951094
1919593,950470
1919598,949005
1919600,2682382
1919602,1091058
1919606,1895157
1919607,2685493
1919609,949091
1919610,96200
1919612,92942
1919613,1090984
1919618,92107
1919622,107691
1919633,93241
1919634,91963
1919636,954653
1919638,91922
1919639,93296
1919640,91905
1919641,93264
1919642,105058
1919646,106698
1919656,110715
1919662,103119
1919671,103038
1919676,1090508
1919678,97069
1919685,952728
1919690,96535
1919698,954041
1919699,94957
1919700,94951
1919702,94976
1919703,954042
1919706,112939
1919708,950677
1919711,109858
1919724,104356
1919727,104767
1919728,104447
1919736,108437
1919739,109719
1919741,113196
1919742,113842
1919766,106531
1919767,1716262
1919772,948985
1919786,107072
1919827,1716262
1919833,948991
1919836,107072
1919837,110273
1919840,1894895
1919842,96207
1919843,97609
1919855,99622
1919868,952348
1919870,99622
1919871,99622
1919872,952348
1919885,1089493
1919888,1089456
1919897,110280
1919922,948907
1919931,1892294
1919936,111366
1919942,1865648
1919944,106565
1919949,111373
1919950,111368
1919963,110025
1919964,110025
1919967,114608
1919969,114608
1919973,102842
1919980,103649
1919981,97895
1919982,97895
1919984,101934
1919985,95862
1919991,952445
1920025,1084925
1920031,95286
1920032,951958
1920043,108609
1920044,113450
1920045,107422
1920050,107096
1920051,1084323
1920052,1084316
1920054,111360
1920057,113410
1920058,1719509
1920059,1719508
1920060,113513
1920064,96625
1920083,950979
1920084,951010
1920085,115167
1920087,108681
1920089,108681
1920090,108681
1920093,2682366
1920169,952586
1920170,2683598
1920171,2683598
1920173,1089498
1920192,1089505
1920197,2683634
1920198,951690
1920204,1726392
1920207,1726392
1920211,96019
1920220,104126
1920222,96580
1920231,1715333
1920240,100341
1920244,105841
1920247,104126
1920248,105819
1920250,105943
1920253,108347
1920255,2028189
1920261,109890
1920284,1719993
1920285,103631
1920286,101006
1920287,100186
1920289,99613
1920292,952475
1920293,1719995
1920294,94907
1920295,1090331
1920305,94462
1920308,954053
1920317,98397
1920318,100090
1920321,101329
1920325,102770
1920326,102770
1920343,953536
1920344,957310
1920346,100430
1920347,98396
1920349,102191
1920376,109436
1920379,1715343
1920381,1715343
1920382,1715343
1920383,1089706
1920384,1089706
1920386,113742
1920387,113742
1920388,113742
1920391,1884121
1920392,1884121
1920394,951297
1920416,103457
1920417,103457
1920422,108981
1920431,115507
1920435,115556
1920438,115553
1920524,953240
1920532,101513
1920533,96598
1920534,97327
1920536,1726413
1920537,1087421
1920538,101511
1920539,1090123
1920541,97495
1920552,1084358
1920553,1084358
1920559,1084637
1920564,1726412
1920565,1087422
1920566,97326
1920569,97326
1920571,953179
1920575,953034
1920577,2045347
1920579,1087422
1920581,100557
1920583,101521
1920587,101509
1920596,1848326
1920619,112171
1920625,1095184
1920626,98478
1920628,102169
1920639,1084081
1920665,88740
1920676,98720
1920690,102312
1920693,97656
1920694,97583
1920700,97556
1920702,96349
1920715,954627
1920767,2685864
1920778,1864045
1920782,1703494
1920784,103895
1920786,2143986
1920791,952202
1920793,952202
1920796,105461
1920798,105461
1920799,105461
1920800,1086925
1920801,950126
1920815,104747
1920818,952219
1920820,104154
1920824,96376
1920829,104647
1920834,104647
1920857,104747
1920869,94233
1920872,952394
1920884,952520
1920888,110399
1920905,107431
1920908,104409
1920920,93775
1920921,95112
1920934,96716
1920935,2682285
1920939,101631
1920941,101877
1920942,1087579
1920943,103120
1920944,103199
1920951,103316
1920955,103473
1920956,96718
1920957,110407
1920958,110403
1920959,110405
1920960,110404
1920961,2683657
1920963,108581
1920966,951110
1920967,950182
1920968,949282
1920973,109264
1920975,1725345
1920976,951101
1920980,114567
1920981,951178
1920982,114554
1920986,114331
1921026,948984
1921055,104496
1921058,951798
1921060,102273
1921066,102273
1921074,104496
1921102,97271
1921103,100628
1921104,100685
1921108,97071
1921110,97071
1921175,1476648
1921184,1476649
1921185,1476647
1921216,110140
1921225,102074
1921255,98928
1921257,102385
1921259,951942
1921260,98023
1921261,104545
1921264,97242
1921265,101524
1921266,101695
1921267,101916
1921270,96043
1921274,97901
1921280,96067
1921281,105024
1921282,104224
1921293,105087
1921294,104214
1921295,104208
1921297,103341
1921299,105067
1921301,953515
1921303,97184
1921304,105889
1921307,99499
1921308,951940
1921311,104112
1921314,104885
1921317,104852
1921318,95771
1921319,96893
1921320,98448
1921321,104058
1921322,105750
1921323,102413
1921328,104600
1921333,104989
1921337,104751
1921342,104611
1921343,104371
1921344,101385
1921345,101646
1921350,95813
1921358,103442
1921359,101079
1921364,101465
1921367,104424
1921368,104433
1921370,104268
1921371,1719990
1921372,104100
1921373,96692
1921374,1719991
1921376,98900
1921377,100689
1921378,104556
1921380,104252
1921382,96302
1921383,952563
1921384,104276
1921385,104263
1921386,102286
1921388,99341
1921389,103274
1921390,103274
1921391,97203
1921392,97203
1921393,102713
1921394,102713
1921395,1091488
1921396,1091488
1921397,96034
1921398,98179
1921399,103349
1921400,951949
1921401,104318
1921405,104318
1921409,102684
1921411,97904
1921414,97023
1921415,104130
1921416,105025
1921421,101830
1921425,951845
1921428,104121
1921430,101959
1921433,96666
1921434,101852
1921435,102780
1921436,96684
1921437,102008
1921440,951938
1921441,101816
1921442,101874
1921444,93432
1921445,94186
1921448,96450
1921466,103379
1921469,2146680
1921470,2146672
1921472,2146674
1921475,2146679
1921477,108452
1921482,106828
1921483,106801
1921484,114225
1921485,113394
1921505,102861
1921513,953768
1921528,953722
1921530,953725
1921552,96566
1921556,96260
1921564,104575
1921578,1719493
1921582,2682419
1921587,2682419
1921625,1882671
1921626,1882671
1921627,2685809
1921637,91296
1921641,91415
1921751,956388
1921810,955180
1921824,88710
1921839,88564
1921840,87823
1921841,88084
1921850,91698
1921851,958209
1921853,88636
1921863,88926
1921921,88592
1921927,88094
1921950,88971
1921955,88867
1921961,88617
1921964,91605
1922003,1087827
1922030,88584
1922067,1087834
1922069,958209
1922090,91333
1922131,955181
1922193,93570
1922194,93634
1922196,95103
1922197,93636
1922199,94081
1922201,94106
1922202,94082
1922208,95104
1922210,94096
1922212,954261
1922216,94214
1922218,94847
1922221,93925
1922223,95036
1922237,95110
1922242,95034
1922244,95022
1922246,94843
1922247,95039
1922248,94130
1922249,94845
1922251,95070
1922252,93565
1922253,95373
1922256,94851
1922257,93561
1922258,94848
1922260,93965
1922266,91830
1922271,96104
1922278,115254
1922280,102531
1922281,102332
1922282,102531
1922291,99122
1922310,106008
1922314,105420
1922315,105983
1922316,105674
1922319,114993
1922325,949401
1922326,2685265
1922328,949422
1922329,949396
1922333,115225
1922340,113951
1922372,91809
1922437,953138
1922555,949961
1922587,949961
1922611,1092064
1922670,108805
1922683,1083212
1922686,91290
1922695,112582
1922709,98263
1922716,1084085
1922720,960059
1922726,96544
1922732,2683681
1922738,1091743
1922739,1091007
1922747,105960
1922761,951903
1922762,951912
1922774,949828
1922784,949172
1922789,949173
1922798,106100
1922802,2038590
1922804,1091270
1922805,1090893
1922806,949195
1922811,2685686
1922832,949132
1922833,1091266
1922835,104134
1922864,92016
1922876,1090193
1922877,109274
1922880,2685471
1922885,950655
1922886,948267
1922887,950662
1922888,949393
1922889,950660
1922891,950675
1922894,949418
1922895,949429
1922897,948267
1922898,1704339
1922899,1704340
1922901,957985
1922902,957978
1922904,957985
1922905,957973
1922906,957997
1922910,957978
1922915,94640
1922916,93856
1922917,94113
1922918,112681
1922923,92845
1922925,103322
1922927,1090443
1922938,99193
1922948,109467
1922950,109494
1922956,106760
1922959,111103
1922990,101230
1922991,101423
1922995,2685986
1922996,104417
1922998,2685987
1923004,104395
1923007,104929
1923025,948823
1923026,948823
1923027,948823
1923033,948844
1923034,948844
1923037,109544
1923039,109545
1923040,109544
1923041,109545
1923045,108097
1923052,110841
1923055,108553
1923056,106232
1923058,115638
1923059,106369
1923061,114366
1923063,111450
1923073,106491
1923078,949626
1923079,949684
1923082,110777
1923083,1714966
1923087,110785
1923094,1476639
1923099,953958
1923109,103487
1923111,103205
1923112,95748
1923191,115564
1923192,106248
1923221,1089626
1923241,951667
1923258,952625
1923269,952502
1923275,951742
1923278,1873555
1923284,952587
1923298,100378
1923306,948674
1923307,2684815
1923326,115401
1923328,111395
1923329,106379
1923336,106145
1923341,108579
1923348,111936
1923350,1163156
1923351,110634
1923352,110628
1923357,950241
1923359,949159
1923361,950241
1923377,950723
1923407,2034267
1923424,99249
1923426,1086004
1923434,1091443
1923444,114896
1923449,1088937
1923450,1087450
1923451,1087204
1923468,2136689
1923472,2137892
1923477,103105
1923479,103427
1923480,102745
1923482,102348
1923483,102372
1923485,105319
1923487,103347
1923488,103455
1923502,105292
1923524,96448
1923532,91884
1923540,101914
1923543,95885
1923547,103263
1923549,99744
1923571,113678
1923575,1089521
1923582,109559
1923596,105577
1923602,104111
1923605,101903
1923612,105577
1923614,104123
1923616,952664
1923639,951878
1923643,1091549
1923644,948645
1923645,948645
1923662,951413
1923663,951402
1923687,105201
1923723,98539
1923730,93650
1923731,94811
1923734,1094785
1923735,94728
1923736,94867
1923757,95519
1923761,2037285
1923762,1895474
1923763,97701
1923768,958162
1923771,952465
1923772,98648
1923777,97710
1923778,102714
1923782,102183
1923783,102046
1923786,1859119
1923789,103108
1923791,953864
1923795,95506
1923798,100333
1923801,952465
1923802,1089598
1923804,97702
1923808,2685931
1923810,2685930
1923811,105698
1923814,102388
1923815,105764
1923817,1710210
1923818,104068
1923820,1710209
1923821,2685929
1923831,2682295
1923833,1090275
1923834,97881
1923841,100386
1923858,1884045
1923871,104098
1923875,110946
1923878,113169
1923885,91827
1923888,954772
1923890,91874
1923891,91874
1923892,92184
1923897,92730
1923899,92633
1923901,93070
1923902,93281
1923903,91875
1923905,91898
1923909,954808
1923911,954813
1923914,954812
1923925,953158
1923931,953108
1923941,1086564
1923944,103011
1923966,953419
1923971,2037287
1923973,952027
1923977,1084672
1923978,1084671
1923988,92382
1923992,954605
1923993,954624
1924005,96736
1924010,958212
1924026,105317
1924027,104520
1924041,952877
1924047,106665
1924056,948664
1924081,106965
1924083,948753
1924085,106965
1924086,103424
1924088,99991
1924090,98986
1924093,103284
1924094,98061
1924096,104129
1924098,104703
1924102,97229
1924107,104532
1924108,102193
1924109,104174
1924110,99147
1924111,98942
1924115,98700
1924120,105401
1924125,98365
1924130,103439
1924150,91708
1924151,91708
1924152,91709
1924155,91708
1924161,92383
1924165,96843
1924168,1087551
1924182,1858707
1924184,1858707
1924190,102486
1924192,104633
1924202,98015
1924205,1849174
1924207,104963
1924213,103433
1924215,92941
1924217,92595
1924219,92595
1924220,101860
1924221,102814
1924232,105468
1924233,102359
1924235,1090630
1924237,98235
1924246,93071
1924248,93298
1924250,92896
1924252,92924
1924265,104393
1924266,104851
1924267,104695
1924270,102234
1924271,102226
1924275,952686
1924308,953594
1924309,100730
1924313,2030238
1924314,954525
1924319,105109
1924320,96083
1924324,103628
1924326,102447
1924328,1090347
1924330,103692
1924332,100547
1924334,954385
1924341,101353
1924342,93777
1924343,93444
1924345,103628
1924350,99993
1924355,100707
1924372,103153
1924375,101925
1924378,98945
1924380,98650
1924382,102454
1924384,105604
1924391,102910
1924395,102097
1924396,102185
1924406,102018
1924458,1726428
1924460,1726428
1924469,1847167
1924486,98030
1924491,1090321
1924495,1089441
1924497,115234
1924499,115233
1924507,1895471
1924508,102612
1924526,951029
1924529,102845
1924530,99214
1924531,103829
1924536,952186
1924540,953375
1924541,953385
1924542,2030606
1924547,98055
1924550,102400
1924554,957083
1924557,951855
1924558,101207
1924568,1091487
1924579,1091017
1924601,952236
1924620,1162350
1924623,1091019
1924629,1703517
1924630,1703517
1924637,1703515
1924644,1084715
1924646,109331
1924650,1087206
1924662,953718
1924663,101183
1924664,101184
1924680,98257
1924685,104524
1924686,99486
1924692,105350
1924765,1090454
1924766,93250
1924782,104964
1924783,104966
1924794,93168
1924798,1333695
1924800,97163
1924801,1091257
1924802,100606
1924803,100657
1924804,97641
1924805,102162
1924810,102155
1924813,97033
1924814,104060
1924819,110225
1924820,110225
1924822,106368
1924828,95738
1924829,104024
1924830,102291
1924833,95921
1924835,101868
1924836,101702
1924838,96371
1924840,96775
1924842,105758
1924844,95632
1924845,96414
1924848,101745
1924853,1090624
1924854,96331
1924855,98377
1924856,96686
1924858,2686000
1924859,103311
1924860,96733
1924861,96362
1924862,104342
1924863,96074
1924930,953355
1924939,952830
1924945,952869
1924947,952810
1924967,952867
1924970,953469
1924978,100957
1924980,102092
1924984,96411
1924987,102077
1924990,102069
1925001,101558
1925036,100081
1925037,100044
1925042,100006
1925046,100510
1925048,106003
1925049,106003
1925052,100040
1925054,100005
1925057,105028
1925061,96047
1925073,100048
1925074,100046
1925076,105858
1925087,100326
1925089,100321
1925099,1091429
1925102,100325
1925104,2683851
1925107,100320
1925111,951867
1925113,959549
1925124,100656
1925127,99464
1925129,105529
1925150,99908
1925153,1090342
1925154,1090872
1925155,1090870
1925156,1090338
1925157,1090344
1925158,1090867
1925159,1090337
1925172,951445
1925178,1092045
1925179,100626
1925199,106994
1925201,107324
1925204,108031
1925207,108031
1925222,1087943
1925244,101841
1925271,105244
1925274,103282
1925276,105261
1925277,105244
1925279,104836
1925280,104541
1925281,98511
1925283,104453
1925284,104399
1925285,104656
1925286,104387
1925287,98510
1925331,99002
1925342,93987
1925346,105498
1925361,103879
1925377,98087
1925387,1086976
1925389,1086977
1925400,1091759
1925436,106298
1925437,106301
1925439,114915
1925440,109268
1925449,951395
1925456,951395
1925457,108266
1925461,107460
1925468,106972
1925474,106699
1925490,2157052
1925494,2157051
1925496,2157060
1925523,954776
1925526,954132
1925530,94987
1925540,94143
1925542,94823
1925543,954061
1925548,94212
1925551,94921
1925555,95352
1925559,94673
1925561,954067
1925577,102806
1925583,102768
1925602,103422
1925621,113011
1925623,107949
1925630,108555
1925633,114095
1925634,106863
1925635,114087
1925637,111491
1925640,107947
1925648,107947
1925651,110604
1925655,1084193
1925656,88023
1925660,1084778
1925664,98280
1925666,104796
1925667,103253
1925669,103813
1925672,1089357
1925675,96732
1925676,103696
1925677,101607
1925681,96045
1925682,105150
1925683,1086289
1925684,105098
1925685,104632
1925689,96155
1925690,96397
1925695,102595
1925700,105042
1925701,96591
1925703,105077
1925705,96796
1925707,97460
1925708,101707
1925713,105452
1925715,104627
1925716,102912
1925717,103820
1925728,101812
1925730,104721
1925740,103500
1925741,953359
1925742,952494
1925744,103500
1925745,952494
1925781,105373
1925811,104787
1925812,96200
1925814,1091468
1925824,105367
1925833,1091470
1925834,1091469
1925835,105366
1925856,111023
1925866,106865
1925887,109943
1925892,100584
1925930,1088184
1925938,1884169
1925939,1088174
1925941,92288
1925943,93114
1925946,93094
1925947,104748
1925949,92459
1925950,92701
1925962,114359
1925964,1858046
1925970,954083
1925972,1858045
1925974,954080
1925975,954024
1925983,104166
1925985,104117
1926056,97199
1926073,954324
1926079,94259
1926085,93286
1926089,950936
1926090,108898
1926123,111662
1926134,951770
1926135,105064
1926141,98838
1926142,100139
1926151,104148
1926152,105682
1926153,101987
1926156,98172
1926160,105188
1926163,950847
1926165,109021
1926166,109021
1926168,106959
1926176,108735
1926188,98170
1926189,95899
1926204,104713
1926209,103169
1926218,104880
1926226,103871
1926229,96931
1926237,105443
1926240,97429
1926245,101810
1926250,104223
1926255,95778
1926260,1857099
1926278,98445
1926280,96968
1926283,952481
1926301,97584
1926340,103799
1926397,114105
1926398,114105
1926403,111342
1926408,113254
1926409,949036
1926412,110755
1926415,110755
1926416,950962
1926417,950962
1926422,110245
1926450,103297
1926460,96571
1926467,95434
1926468,95812
1926471,102125
1926474,104535
1926477,1086846
1926484,95780
1926486,102160
1926489,95293
1926490,954201
1926499,101893
1926505,950254
1926508,102656
1926586,93309
1926591,101205
1926689,99688
1926690,1084583
1926722,95766
1926725,1089215
1926734,94892
1926736,954358
1926744,101197
1926766,1863084
1926770,96552
1926778,1863085
1926781,1863083
1926789,96574
1926798,1089606
1926814,88003
1926815,88008
1926819,2685939
1926824,92655
1926834,97239
1926836,103819
1926842,105023
1926852,105071
1926853,96806
1926857,104787
1926859,96200
1926860,104787
1926867,88147
1926868,87921
1926869,88154
1926878,98985
1926884,954671
1926936,99201
1926941,96294
1926942,1091943
1926944,96758
1926948,958138
1926957,953012
1926991,101491
1926994,101490
1927023,97128
1927029,1084290
1927031,93173
1927032,92748
1927034,92762
1927036,92364
1927043,92999
1927044,92739
1927046,954992
1927047,1090439
1927049,954916
1927050,92296
1927052,93289
1927054,87866
1927058,92259
1927063,954942
1927065,87911
1927066,1088131
1927068,91952
1927082,1894584
1927087,102880
1927090,98764
1927119,1090385
1927129,100837
1927133,112827
1927136,104298
1927138,101421
1927142,102225
1927144,102194
1927148,96391
1927151,96962
1927152,102199
1927159,104619
1927161,1090517
1927167,96740
1927173,105245
1927181,105144
1927183,99621
1927188,105236
1927189,100938
1927194,1726436
1927196,1726441
1927199,1726441
1927203,104280
1927205,952554
1927207,99655
1927212,1092021
1927214,102377
1927216,1087124
1927221,96992
1927234,97879
1927235,1086974
1927236,1086983
1927292,98166
1927293,105277
1927297,102138
1927299,102132
1927301,104309
1927303,98165
1927304,98165
1927311,95628
1927315,110205
1927333,92673
1927334,91753
1927336,92146
1927371,109447
1927372,114514
1927381,1875311
1927397,949246
1927404,107538
1927410,104369
1927414,96432
1927419,953471
1927423,95533
1927425,100132
1927427,103225
1927429,95596
1927433,103061
1927434,105388
1927441,96366
1927449,102709
1927454,95649
1927455,101720
1927458,97766
1927478,2034549
1927514,108302
1927519,948084
1927543,95059
1927555,100188
1927566,93495
1927569,93503
1927570,94917
1927571,95345
1927572,95344
1927573,95035
1927578,93687
1927579,95095
1927580,2011570
1927581,95099
1927582,2011574
1927583,954084
1927585,2011571
1927587,954536
1927588,93720
1927591,93714
1927592,2011573
1927595,93708
1927597,94078
1927607,92202
1927608,92182
1927609,92109
1927613,112035
1927615,949632
1927617,949623
1927618,949578
1927647,107137
1927665,949557
1927669,112035
1927677,110641
1927678,110641
1927680,106704
1927682,112041
1927685,112019
1927689,951298
1927692,110643
1927693,110656
1927699,112034
1927700,949631
1927703,112005
1927704,112000
1927706,949557
1927707,110638
1927710,951298
1927719,111350
1927721,2146634
1927729,95875
1927743,88109
1927753,1090035
1927803,1083349
1927817,2045340
1927840,108049
1927841,108047
1927845,107932
1927846,107933
1927851,958002
1927853,958002
1927855,112195
1927857,949332
1927860,1090110
1927875,98721
1927876,98724
1927877,954683
1927878,92183
1927882,1090305
1927885,1090542
1927891,101476
1927894,1087239
1927895,1090303
1927897,1087239
1927902,1090303
1927904,104076
1927912,99626
1927924,101469
1927933,106881
1927957,1884125
1927963,112673
1927969,106425
1927977,107102
1927979,115642
1927999,95426
1928021,953188
1928022,953188
1928024,953201
1928025,953201
1928029,2028221
1928030,114083
1928033,115062
1928035,112896
1928037,108929
1928074,2685790
1928081,953229
1928086,953149
1928102,94979
1928103,94975
1928104,94835
1928105,94972
1928106,95156
1928108,94365
1928121,114622
1928125,114967
1928126,114045
1928129,115314
1928142,954371
1928158,1088912
1928166,93800
1928167,94762
1928175,93658
1928180,94169
1928186,1166344
1928188,93367
1928200,1086287
1928216,1859873
1928218,109986
1928239,105049
1928285,104618
1928288,115240
1928289,114221
1928294,103488
1928330,110630
1928331,110630
1928332,112241
1928334,108399
1928335,108401
1928338,92330
1928371,953771
1928378,953793
1928379,953778
1928382,952015
1928386,105181
1928404,94932
1928405,94018
1928407,1087575
1928409,96539
1928417,95248
1928421,94606
1928425,954382
1928427,1087573
1928432,98038
1928435,2685967
1928452,98539
1928455,115814
1928465,954599
1928479,955058
1928487,96959
1928489,104775
1928496,953894
1928499,103718
1928501,99632
1928502,952370
1928510,100190
1928514,92908
1928531,102763
1928536,1084138
1928539,105536
1928540,105536
1928541,104573
1928545,104796
1928553,103396
1928573,100161
1928580,87880
1928582,87880
1928588,948303
1928589,948303
1928590,948303
1928591,948303
1928602,948303
1928603,948303
1928604,948303
1928605,948303
1928606,948303
1928631,109709
1928634,104658
1928641,98221
1928642,99248
1928648,105889
1928649,105679
1928657,95786
1928661,99215
1928672,98731
1928676,95774
1928677,95455
1928678,95834
1928688,99511
1928692,114789
1928708,95508
1928709,954893
1928722,103439
1928727,956340
1928745,103627
1928746,104207
1928760,104151
1928761,91299
1928762,1090352
1928764,100752
1928772,91701
1928773,1085981
1928790,101754
1928822,98197
1928824,953706
1928834,952068
1928869,94444
1928896,97117
1928901,95473
1928906,102686
1928909,93759
1928914,95616
1928934,97701
1928936,102875
1928938,102875
1928973,98036
1928977,99122
1928983,95812
1928985,953705
1928986,102128
1928995,96144
1928996,98196
1929004,93272
1929009,91715
1929010,101799
1929011,91709
1929013,92988
1929021,91726
1929024,1866136
1929025,92506
1929029,95611
1929040,98013
1929051,1170892
1929056,112794
1929062,954132
1929073,102973
1929075,102973
1929080,103534
1929081,92254
1929085,95537
1929086,102390
1929087,98084
1929088,96557
1929090,2682466
1929092,949197
1929095,949197
1929097,95464
1929102,1089456
1929104,95218
1929123,107769
1929124,107769
1929145,98473
1929148,95477
1929149,91793
1929150,103900
1929180,102484
1929186,101077
1929200,91973
1929211,104258
1929212,952813
1929222,96892
1929228,95516
1929234,2683586
1929255,91665
1929256,105505
1929259,95853
1929263,99788
1929269,102866
1929278,1088524
1929281,104447
1929303,109078
1929311,106080
1929315,956832
1929327,93416
1929334,95567
1929339,2683755
1929347,104551
1929351,96837
1929353,95585
1929362,105898
1929363,1163143
1929364,91746
1929368,952806
1929377,100321
1929381,103054
1929394,95463
1929396,94371
1929397,94371
1929403,96946
1929406,95856
1929407,95856
1929408,951959
1929415,98488
1929416,95519
1929417,98488
1929418,98488
1929419,97702
1929420,97702
1929426,104518
1929427,98746
1929438,100177
1929446,98922
1929462,101011
1929473,102719
1929475,92655
1929487,96813
1929499,105326
1929503,95577
1929531,96026
1929545,103620
1929546,95612
1929547,101978
1929549,95909
1929552,96058
1929556,93440
1929569,2026617
1929570,103810
1929585,101880
1929588,102590
1929596,98206
1929597,104387
1929604,95643
1929605,103298
1929608,1086207
1929613,95540
1929629,95824
1929632,102119
1929633,102311
1929642,95540
1929645,101897
1929649,88869
1929654,2029573
1929662,97061
1929669,95578
1929679,1090343
1929681,2683841
1929688,100440
1929691,101880
1929693,104089
1929695,104111
1929700,950469
1929701,950469
1929702,950469
1929721,93385
1929722,97045
1929723,97045
1929734,96707
1929737,95556
1929741,953894
1929742,98737
1929776,96952
1929787,93334
1929794,103422
1929828,91697
1929831,104058
1929832,104058
1929847,105149
1929868,953725
1929871,94823
1929877,95476
1929886,104546
1929889,96259
1929891,96838
1929898,102958
1929901,105515
1929913,2682506
1929917,101324
1929931,96901
1929933,98043
1929936,96504
1929940,2685967
1929949,91747
1929955,98826
1929974,92846
1929978,2683589
1929996,96591
1930010,110512
1930012,91720
1930016,96989
1930017,96989
1930020,92961
1930023,91863
1930030,102224
1930044,91775
1930045,102969
1930056,96940
1930070,1083378
1930073,96151
1930077,105077
1930081,105257
1930098,102259
1930123,110919
1930129,98730
1930136,95500
1930137,105632
1930145,2682159
1930155,92633
1930156,92190
1930157,950512
1930159,950512
1930160,950472
1930162,950548
1930164,950548
1930166,951418
1930167,1703495
1930170,105254
1930173,92944
1930178,1722536
1930184,95580
1930186,95580
1930193,1088195
1930202,95508
1930203,951993
1930210,952699
1930225,104983
1930226,95790
1930233,95953
1930235,104221
1930242,103772
1930245,97025
1930246,97025
1930253,102466
1930255,92846
1930257,91727
1930260,948481
1930267,91809
1930272,96909
1930278,96497
1930290,99853
1930310,102905
1930311,96155
1930313,104882
1930314,1090649
1930315,104130
1930323,92792
1930325,101620
1930344,87911
1930354,104382
1930371,104541
1930390,93360
1930400,94878
1930418,93430
1930437,954384
1930439,95118
1930441,93458
1930446,93465
1930456,99139
1930496,112316
1930510,105850
1930523,101726
1930535,91892
1930537,91708
1930543,91726
1930545,91726
1930551,91781
1930563,98230
1930565,95204
1930566,91767
1930571,92928
1930607,1088558
1930619,108284
1930642,101939
1930643,99458
1930664,112780
1930671,951654
1930676,953882
1930681,103180
1930714,101720
1930718,106044
1930731,111018
1930733,1090893
1930734,95577
1930742,98325
1930745,953915
1930746,95498
1930755,1088687
1930760,92941
1930764,92069
1930765,103433
1930769,952654
1930782,91729
1930802,101087
1930818,104363
1930819,103408
1930827,95475
1930832,948481
1930833,948481
1930846,102970
1930864,1715331
1930865,93345
1930868,2157044
1930870,101860
1930872,95465
1930880,952777
1930884,100637
1930886,1717962
1930891,100187
1930903,99297
1930909,93043
1930915,102445
1930916,103379
1930920,97397
1930921,93320
1930924,95807
1930928,1086198
1930929,94181
1930937,958561
1930943,99204
1930948,1091443
1930949,92440
1930975,111340
1930995,95608
1931005,97706
1931011,104214
1931013,104208
1931025,96118
1931028,96456
1931029,98737
1931057,93335
1931061,97192
1931084,92707
1931085,92383
1931090,96200
1931092,101959
1931095,104787
1931102,2682159
1931106,104885
1931108,105661
1931124,96332
1931128,95716
1931146,100191
1931154,96346
1931157,950765
1931186,104493
1931191,96150
1931193,95668
1931200,104384
1931215,102750
1931216,95535
1931221,94451
1931248,104852
1931261,105452
1931266,114789
1931267,114789
1931278,104353
1931295,106112
1931311,105939
1931320,101080
1931332,103022
1931333,98481
1931334,94396
1931349,94414
1931362,104112
1931365,96361
1931366,96361
1931379,100224
1931394,95862
1931420,93689
1931430,103665
1931431,101974
1931435,99364
1931456,100919
1931457,95425
1931459,114251
1931463,111340
1931485,951281
1931493,950529
1931494,950766
1931495,950526
1931497,102256
1931499,106027
1931532,111340
1931541,954624
1931550,91771
1931551,91771
1931565,948728
1931568,100190
1931569,100191
1931575,105635
1931576,952664
1931580,96418
1931581,954699
1931585,91794
1931591,105403
1931617,102413
1931633,1089531
1931635,102414
1931688,97053
1931692,103443
1931693,105613
1931698,96746
1931702,101153
1931704,101797
1931705,1086561
1931706,93151
1931707,96184
1931711,105379
1931714,103467
1931716,104006
1931719,96767
1931725,102695
1931728,105899
1931729,97431
1931731,97470
1931733,96975
1931734,97045
1931737,104595
1931739,105817
1931743,96989
1931744,952701
1931745,104053
1931766,105419
1931770,105721
1931771,953943
1931774,104645
1931775,96232
1931776,99124
1931777,105899
1931782,1086562
1931790,96957
1931791,102058
1931794,101823
1931795,94849
1931810,106912
1931812,106210
1931813,951345
1931817,100206
1931819,93849
1931821,93742
1931830,92017
1931839,950137
1931848,96586
1931849,102355
1931851,96575
1931853,97755
1931860,103129
1931862,104244
1931864,950619
1931895,98616
1931898,953568
1931899,98619
1931904,2040950
1931905,952041
1931923,103416
1931931,2683638
1931932,2683637
1931940,2685612
1931941,108183
1931945,108183
1931956,101936
1931960,104408
1931961,102692
1931964,2683893
1931965,102692
1931974,103655
1931975,102891
1931981,99633
1931985,99998
1931987,951994
1931989,100269
1931990,100266
1931993,96035
1932049,106357
1932052,113773
1932053,109901
1932054,108732
1932056,2685180
1932060,950193
1932061,111266
1932063,109901
1932068,106361
1932071,1162339
1932073,108052
1932074,2685180
1932081,113574
1932082,111545
1932086,115654
1932088,111548
1932089,110612
1932090,113727
1932093,108917
1932094,1162338
1932104,95940
1932161,97434
1932169,100985
1932179,110806
1932186,93685
1932187,96438
1932189,2047412
1932214,1087578
1932217,97185
1932223,101793
1932236,102790
1932237,101130
1932238,101234
1932240,1086114
1932258,109866
1932261,109866
1932262,949945
1932277,1088645
1932281,1088611
1932287,114080
1932288,108572
1932289,108575
1932292,1088645
1932293,1088610
1932295,1088611
1932297,108575
1932298,108575
1932300,108575
1932305,1088556
1932306,1088674
1932309,112985
1932310,108575
1932314,1163165
1932323,1163164
1932324,1163165
1932325,1088534
1932328,1088535
1932331,1088557
1932332,948566
1932336,1163159
1932352,1091269
1932353,1091269
1932354,1091269
1932357,1091269
1932361,1091268
1932364,1088646
1932379,1163159
1932380,1088641
1932385,1163163
1932393,1088542
1932394,1088643
1932402,949162
1932413,1895466
1932414,957309
1932428,2157094
1932432,953894
1932434,96649
1932439,109526
1932440,112145
1932444,950516
1932447,114386
1932448,107397
1932456,112874
1932457,951333
1932458,951333
1932459,113437
1932460,113437
1932461,113437
1932462,113437
1932463,113322
1932472,949785
1932474,114081
1932484,109705
1932485,109705
1932487,949125
1932488,114090
1932490,949101
1932493,110858
1932495,110858
1932501,112151
1932504,114084
1932510,109069
1932512,114238
1932521,949779
1932528,2683603
1932531,96675
1932538,2159258
1932543,100051
1932550,2159260
1932551,953237
1932553,103496
1932558,1090737
1932560,2159264
1932562,101551
1932563,101552
1932566,103396
1932573,103142
1932575,101605
1932577,105575
1932579,2028179
1932581,2028180
1932582,103751
1932583,103751
1932584,98943
1932585,105435
1932586,105504
1932588,101621
1932599,102418
1932600,96421
1932602,103604
1932607,101604
1932608,99456
1932609,2039185
1932610,96704
1932612,102536
1932613,103503
1932614,96790
1932617,103408
1932618,2014949
1932621,103487
1932622,103096
1932626,101603
1932627,1847177
1932628,1847176
1932629,953556
1932630,1847175
1932676,108265
1932681,111423
1932684,1085943
1932686,113891
1932699,951097
1932710,111022
1932723,951614
1932740,950605
1932750,108803
1932775,113204
1932776,108270
1932777,108268
1932781,113936
1932808,113466
1932831,115801
1932835,107130
1932837,950604
1932838,950618
1932842,950610
1932845,950557
1932852,107098
1932853,107201
1932855,107158
1932891,114547
1932893,109842
1932935,1086125
1932959,2685610
1932960,2044206
1932961,2685611
1932963,103679
1932964,103697
1932965,115005
1932978,100399
1932988,96634
1932990,96634
1932991,100398
1932994,102071
1932995,952264
1932996,1146372
1932997,1146371
1932999,952284
1933000,100404
1933002,102712
1933005,100397
1933006,102633
1933007,100193
1933017,1863068
1933019,104990
1933026,952447
1933027,98269
1933028,100335
1933029,100334
1933035,1092148
1933048,115303
1933050,114311
1933060,107391
1933061,949628
1933066,112873
1933068,112975
1933077,112513
1933111,94476
1933113,94476
1933115,1084228
1933116,93745
1933118,95023
1933186,93113
1933189,93113
1933190,91793
1933191,954880
1933265,109986
1933270,109709
1933311,1859864
1933312,1859864
1933316,1089420
1933322,1089604
1933325,957077
1933332,1089604
1933333,1089604
1933346,949184
1933347,949183
1933348,949183
1933349,949183
1933357,954155
1933371,1086570
1933441,1083345
1933451,97613
1933453,95577
1933454,952739
1933457,103474
1933459,103785
1933462,100347
1933475,952986
1933484,100347
1933485,1092009
1933488,100358
1933490,100336
1933491,100336
1933493,100468
1933495,100336
1933499,952997
1933501,952997
1933502,952997
1933504,100422
1933511,951931
1933524,87483
1933537,93936
1933540,95068
1933544,93933
1933564,107244
1933603,110997
1933620,1083893
1933627,956193
1933634,1083929
1933667,1162308
1933681,88717
1933684,1852818
1933687,97769
1933692,105113
1933697,105853
1933699,105224
1933703,97769
1933708,105221
1933709,104924
1933710,98577
1933712,88609
1933721,956275
1933729,1083002
1933730,88694
1933732,88612
1933737,1083136
1933739,88841
1933740,89038
1933811,1086499
1933844,88956
1933874,2683972
1933961,955129
1933964,99058
1934019,91595
1934287,956229
1934292,1084008
1934293,88856
1934296,88731
1934298,88653
1934303,88611
1934310,95786
1934320,88626
1934337,1088014
1934343,2011430
1934362,104838
1934395,2684682
1934415,1087543
1934417,1087542
1934427,105377
1934440,1090024
1934448,109071
1934452,102384
1934464,1090628
1934468,91742
1934491,951942
1934497,107023
1934511,1162319
1934535,1087554
1934536,954882
1934545,100901
1934552,100895
1934571,952016
1934573,104562
1934675,954699
1934680,104075
1934681,1090653
1934687,110867
1934689,108807
1934691,106193
1934700,105172
1934703,113817
1934710,109724
1934713,107957
1934728,92976
1934729,92984
1934731,115570
1934732,115570
1934734,106878
1934743,97408
1934753,1090324
1934771,106217
1934772,106217
1934783,100061
1934936,950197
1934937,115465
1934953,1884138
1934954,107026
1934955,107026
1934956,107026
1934974,1870832
1934993,105831
1934999,97082
1935017,948082
1935027,96309
1935029,105756
1935033,105720
1935041,105724
1935042,954912
1935050,2682437
1935053,97642
1935072,100968
1935073,100968
1935075,100967
1935089,1087448
1935104,98508
1935105,98989
1935112,113928
1935127,1088570
1935156,112794
1935165,109226
1935170,1088568
1935171,1088569
1935175,112794
1935185,106280
1935203,110697
1935208,110697
1935212,110697
1935214,110697
1935217,110926
1935237,110926
1935239,110926
1935240,110926
1935242,110926
1935245,111058
1935261,110926
1935262,110926
1935263,110926
1935264,110926
1935265,110926
1935267,110926
1935268,110926
1935269,110926
1935270,110926
1935271,110926
1935272,110994
1935273,110994
1935274,110926
1935275,110926
1935276,110926
1935277,110926
1935280,110926
1935281,110926
1935284,110994
1935295,111420
1935296,111420
1935306,1088574
1935307,948394
1935312,108092
1935314,109910
1935316,114861
1935317,114875
1935319,111416
1935329,950965
1935330,113899
1935332,108092
1935369,2683747
1935396,1089019
1935398,1089018
1935410,94295
1935431,96012
1935432,102243
1935435,97883
1935438,958572
1935440,1868789
1935479,2683853
1935483,107954
1935484,107953
1935487,91786
1935488,91776
1935507,113976
1935512,107248
1935539,951918
1935540,105553
1935554,99442
1935560,110208
1935561,948197
1935595,114909
1935612,949638
1935620,93612
1935630,1953519
1935632,1875930
1935634,948436
1935635,951041
1935636,951043
1935637,951022
1935640,106239
1935642,951026
1935643,111671
1935644,112606
1935645,112609
1935646,1875929
1935654,949065
1935656,107921
1935685,106326
1935686,114898
1935695,2685140
1935697,114542
1935700,113673
1935710,113038
1935715,1089081
1935724,113364
1935733,95412
1935743,948302
1935770,109838
1935771,113188
1935798,115602
1935809,114133
1935818,113485
1935826,108172
1935829,113260
1935831,114603
1935838,1089552
1935839,110248
1935840,951531
1935856,115422
1935858,115422
1935860,108515
1935862,1872726
1935875,951165
1935896,949104
1935900,113574
1935907,114477
1935922,114621
1935943,113972
1935944,1145064
1935951,113398
1935958,1090102
1935963,115537
1935969,1089409
1935970,1089409
1935972,1090102
1935981,114241
1935993,114900
1935995,115104
1936003,114956
1936013,110068
1936015,114298
1936018,114681
1936020,108870
1936026,110151
1936038,112913
1936045,107233
1936046,114547
1936083,949990
1936091,113188
1936097,113849
1936121,950733
1936127,948760
1936145,107488
1936146,114721
1936158,1084275
1936175,109688
1936177,113822
1936181,115676
1936189,949670
1936193,1090201
1936213,108948
1936221,113194
1936233,110225
1936239,110035
1936242,2011624
1936243,108426
1936244,108424
1936252,1091979
1936259,108558
1936262,108071
1936273,1873565
1936276,113754
1936289,114321
1936294,106242
1936296,108910
1936325,106504
1936350,113300
1936355,114561
1936356,113742
1936358,112868
1936361,108967
1936379,107719
1936380,1163180
1936381,950050
1936382,109915
1936386,108829
1936389,108737
1936390,107836
1936391,106959
1936403,108883
1936405,106519
1936412,110041
1936418,1090073
1936419,109919
1936425,111624
1936427,107431
1936429,106519
1936431,110682
1936432,108281
1936438,109246
1936439,951530
1936442,107406
1936445,1092070
1936466,113303
1936481,1722499
1936489,950725
1936490,115390
1936500,1722498
1936502,109639
1936504,109181
1936519,114182
1936520,949714
1936527,1090103
1936530,113428
1936536,948823
1936537,114425
1936557,108309
1936558,106248
1936560,114188
1936577,115692
1936580,109855
1936592,950962
1936595,1162331
1936603,115797
1936618,109779
1936619,948760
1936635,108732
1936644,1170897
1936661,114870
1936663,113179
1936666,1090664
1936669,950773
1936684,115080
1936698,1090194
1936709,113224
1936711,110993
1936724,114311
1936726,114311
1936727,115011
1936730,110993
1936747,114145
1936753,950871
1936755,113224
1936758,948882
1936761,951444
1936770,950871
1936791,951247
1936800,113336
1936812,108644
1936814,113805
1936815,112060
1936828,108670
1936833,113113
1936840,1090676
1936847,110283
1936851,111781
1936857,110283
1936860,115409
1936873,114485
1936896,112646
1936899,106511
1936907,108989
1936927,106402
1936939,951134
1936953,106217
1936955,109557
1936957,951452
1936960,110446
1936969,948412
1936972,110680
1936977,110678
1936984,1091979
1937002,2683942
1937006,110142
1937008,106802
1937014,113990
1937029,106859
1937030,107523
1937031,113817
1937033,110025
1937035,1091280
1937037,114553
1937041,106468
1937045,948898
1937047,106468
1937050,110755
1937051,107271
1937052,110061
1937061,948939
1937068,108807
1937071,1872729
1937077,108980
1937087,114476
1937088,109693
1937095,107108
1937108,109071
1937119,109417
1937126,112629
1937131,111659
1937133,108544
1937136,106083
1937148,109969
1937163,107736
1937176,114542
1937183,112854
1937185,115693
1937212,949812
1937217,107328
1937219,948844
1937220,115755
1937227,114317
1937239,1090201
1937244,950194
1937254,115013
1937268,115104
1937282,106071
1937292,2159346
1937296,1090676
1937304,113859
1937310,111620
1937313,115693
1937315,109478
1937327,107444
1937344,115104
1937347,115030
1937350,106746
1937356,112669
1937359,111345
1937363,1090664
1937376,106159
1937392,108944
1937400,106095
1937402,106095
1937423,111085
1937425,113709
1937435,106883
1937452,114298
1937471,1090249
1937472,1090265
1937474,1091125
1937475,1091127
1937476,2683653
1937477,111221
1937478,957070
1937479,949452
1937481,949454
1937482,1091050
1937485,1091122
1937486,1704439
1937487,110143
1937493,109955
1937504,1091505
1937505,1090253
1937508,948852
1937510,948852
1937528,951731
1937529,1091941
1937539,951678
1937541,958522
1937543,1091942
1937546,952518
1937574,111610
1937581,108650
1937594,1086204
1937602,950606
1937607,113084
1937611,109329
1937614,951408
1937633,113728
1937634,113728
1937635,113728
1937636,113553
1937643,113738
1937653,113528
1937659,115515
1937664,115515
1937665,115515
1937666,950526
1937669,113070
1937672,948837
1937674,948835
1937679,113095
1937685,107465
1937703,110267
1937704,110267
1937705,111648
1937708,958070
1937710,114403
1937716,2021662
1937727,2021661
1937737,106840
1937751,1090837
1937752,94249
1937753,94083
1937754,1090836
1937755,1090836
1937756,94079
1937767,1086106
1937783,949688
1937784,949644
1937802,2159295
1937803,2159298
1937804,2159297
1937807,2159294
1937840,94489
1937842,94747
1937844,93434
1937845,94689
1937846,93381
1937847,93355
1937850,93393
1937851,91720
1937852,91745
1937854,2125185
1937861,1088802
1937862,1088803
1937863,1088802
1937870,114298
1937872,114298
1937880,113413
1937885,112798
1937887,112798
1937916,88926
1937920,113751
1937949,950885
1937950,950883
1937960,115131
1937962,949272
1937964,950231
1937966,112911
1937969,108941
1937970,106304
1937975,106805
1937982,108941
1937983,109997
1937984,109770
1938000,950297
1938001,952784
1938002,950300
1938008,1085972
1938009,91982
1938011,93150
1938014,104173
1938021,99691
1938040,87730
1938041,87730
1938061,107478
1938064,109845
1938065,107160
1938070,950766
1938072,107160
1938076,109845
1938080,113585
1938084,107160
1938085,113070
1938091,1088187
1938094,101434
1938096,101680
1938098,98803
1938099,101724
1938104,103931
1938108,1090991
1938110,99348
1938130,97987
1938131,97990
1938133,97988
1938134,953344
1938136,95683
1938138,98002
1938140,97994
1938141,104400
1938142,104410
1938145,104209
1938149,105370
1938160,98789
1938161,98314
1938168,97992
1938171,95737
1938173,98004
1938177,98005
1938186,100147
1938187,97164
1938188,97989
1938189,95730
1938191,103280
1938192,104195
1938196,104382
1938215,114812
1938216,2684883
1938217,108162
1938218,108743
1938219,109180
1938220,951532
1938239,949543
1938240,113497
1938256,108781
1938264,110719
1938317,111294
1938319,108617
1938322,108662
1938330,107237
1938340,1091322
1938341,111297
1938346,107639
1938348,107904
1938351,108629
1938352,109818
1938357,108644
1938361,113339
1938366,107638
1938373,107637
1938377,108635
1938379,108646
1938397,108113
1938421,110502
1938422,110064
1938423,1089652
1938430,1091495
1938433,1089651
1938434,1091501
1938436,1090038
1938438,1090038
1938439,949484
1938441,949443
1938442,949487
1938444,948955
1938447,948955
1938448,2008326
1938450,110500
1938451,110065
1938453,1163198
1938456,1091503
1938460,110499
1938461,110063
1938465,110501
1938467,948955
1938471,109037
1938472,109036
1938473,109041
1938475,109027
1938476,109028
1938480,109027
1938483,108916
1938497,109038
1938498,109032
1938499,109427
1938500,1145536
1938521,109043
1938522,1145538
1938528,98860
1938534,103709
1938536,952735
1938539,96247
1938540,98861
1938542,97951
1938543,102640
1938544,952124
1938546,952127
1938554,1084279
1938574,950724
1938617,115428
1938622,111175
1938623,111005
1938630,948992
1938635,948970
1938643,948970
1938644,114452
1938647,106513
1938648,114126
1938650,106759
1938652,110468
1938654,115267
1938655,110469
1938656,114447
1938657,114457
1938663,106059
1938669,112872
1938670,112872
1938676,109639
1938685,951003
1938687,114685
1938695,948296
1938696,948296
1938706,109987
1938759,110594
1938761,2157974
1938783,113298
1938787,951307
1938788,951198
1938791,115535
1938794,956623
1938799,953044
1938803,953052
1938804,107827
1938805,112096
1938807,107395
1938828,2685436
1938829,1092049
1938830,2685435
1938835,106862
1938836,2685485
1938837,113718
1938838,110556
1938858,2685660
1938873,108715
1938891,113018
1938897,108714
1938907,2685485
1938928,106511
1938936,948122
1938939,107841
1938943,949781
1938989,948469
1939003,114353
1939014,2157974
1939020,114146
1939022,108697
1939026,109006
1939038,107786
1939081,112828
1939086,111493
1939087,114883
1939093,107839
1939095,109695
1939098,114524
1939099,107029
1939100,115061
1939103,107029
1939105,108863
1939106,109369
1939108,1704437
1939110,1704438
1939115,111493
1939116,115060
1939124,112253
1939125,114700
1939128,107029
1939134,1092107
1939144,951973
1939146,101011
1939148,98730
1939151,1091078
1939160,958510
1939163,952145
1939164,97681
1939165,952230
1939167,951841
1939171,101175
1939175,98486
1939179,98471
1939181,95486
1939182,2682559
1939185,2682559
1939193,958104
1939197,98469
1939199,98470
1939201,100238
1939204,1087810
1939208,98485
1939213,1090107
1939217,98700
1939220,1086844
1939221,97244
1939223,97244
1939225,97244
1939227,97244
1939228,97804
1939231,97804
1939232,98068
1939233,953564
1939235,953564
1939236,104817
1939242,953542
1939244,98068
1939245,104797
1939246,104428
1939271,88657
1939276,103356
1939280,103568
1939287,96161
1939288,104571
1939289,96398
1939296,96032
1939297,104389
1939300,96332
1939307,104771
1939309,954008
1939323,114522
1939345,110857
1939410,115480
1939535,94854
1939540,954476
1939541,93456
1939542,954340
1939554,93751
1939556,112731
1939560,110117
1939561,107105
1939563,115600
1939569,111298
1939577,100782
1939583,102406
1939587,958087
1939600,1090999
1939606,95868
1939608,103659
1939609,100312
1939610,104766
1939612,114755
1939613,109838
1939614,107861
1939627,2028188
1939654,113914
1939655,113667
1939656,114034
1939660,948818
1939677,110633
1939695,95230
1939696,95233
1939697,95231
1939702,950290
1939705,950290
1939709,107386
1939714,102601
1939719,107662
1939720,107662
1939721,106629
1939722,106629
1939733,957989
1939737,108462
1939739,2682436
1939745,109740
1939759,115746
1939782,114258
1939784,110843
1939794,103848
1939797,100692
1939804,103267
1939809,96846
1939811,96002
1939813,97165
1939822,104140
1939843,105966
1939844,102962
1939846,2034263
1939865,102592
1939893,1100276
1939894,1100468
1939896,2045339
1939905,102609
1939916,949428
1939917,949395
1939918,949403
1939919,114352
1939921,113917
1939929,115729
1939936,949667
1939937,949397
1939938,949689
1939949,112814
1939951,110471
1939962,113917
1939982,96482
1939992,1094927
1939993,1094929
1940025,112163
1940033,951024
1940034,951024
1940043,949053
1940045,949088
1940046,949088
1940051,949088
1940067,1722465
1940070,91584
1940078,1882670
1940081,101273
1940083,91583
1940089,953653
1940090,953642
1940094,102237
1940097,98668
1940102,102390
1940104,102275
1940105,105801
1940106,103534
1940108,98668
1940110,102114
1940119,101088
1940122,101086
1940123,1087591
1940125,91972
1940128,92878
1940130,92070
1940137,92892
1940138,2684807
1940141,92817
1940145,92847
1940148,92569
1940151,92327
1940164,111129
1940165,106847
1940166,1088554
1940167,111131
1940170,111128
1940171,950523
1940195,952370
1940197,1085145
1940205,1085337
1940215,95174
1940216,105950
1940218,91741
1940220,92093
1940221,92551
1940222,91736
1940225,2682512
1940232,92415
1940233,92413
1940239,2685246
1940243,96610
1940254,950069
1940284,110764
1940292,107071
1940295,115583
1940298,106840
1940299,106840
1940308,101527
1940309,101525
1940314,106642
1940325,104307
1940328,100797
1940330,98641
1940332,99620
1940334,101937
1940342,101937
1940345,948606
1940350,1090447
1940351,1089530
1940385,97073
1940386,101279
1940393,952614
1940395,101524
1940396,101524
1940406,100916
1940418,100918
1940419,100916
1940423,100919
1940424,100919
1940425,100919
1940436,113426
1940440,112193
1940443,950838
1940444,950637
1940448,950647
1940455,951242
1940459,113074
1940461,949990
1940466,950837
1940467,112810
1940468,112530
1940473,108580
1940475,109048
1940476,110774
1940478,107519
1940479,1090120
1940480,108778
1940481,108580
1940492,948610
1940494,113458
1940499,950582
1940500,949302
1940506,950587
1940510,950951
1940514,88046
1940523,949270
1940537,114339
1940539,2685562
1940540,2685561
1940559,99410
1940560,99410
1940564,103481
1940565,101952
1940569,1090920
1940604,107227
1940611,102064
1940615,2684907
1940623,92659
1940624,92657
1940625,92658
1940631,949907
1940651,104218
1940661,93117
1940662,91988
1940678,950911
1940680,950911
1940688,950910
1940689,950910
1940698,106147
1940727,949025
1940728,112123
1940730,949025
1940731,112123
1940734,112123
1940743,112120
1940752,108710
1940753,111487
1940754,111487
1940762,110853
1940765,96314
1940767,95657
1940768,952682
1940774,115798
1940775,115798
1940784,949692
1940797,115537
1940806,949692
1940866,948800
1940867,95298
1940869,93352
1940871,95056
1940872,112327
1940873,112327
1940881,1090538
1940906,1086850
1940908,105387
1940910,95774
1940911,1895153
1940915,95585
1940917,102901
1940918,95437
1940944,114907
1940945,112926
1940965,111686
1940967,111686
1940985,98250
1940986,101544
1940987,97443
1940992,97946
1940993,97925
1941002,948490
1941003,948490
1941005,949715
1941007,107644
1941011,108841
1941017,950497
1941030,950636
1941038,1717979
1941039,108214
1941041,108218
1941046,1094947
1941049,114988
1941050,114075
1941051,114988
1941058,107572
1941060,114479
1941067,94543
1941088,102271
1941092,104125
1941096,950937
1941103,1858040
1941105,92759
1941106,954857
1941109,93237
1941112,93182
1941122,114508
1941124,115168
1941140,99223
1941141,96451
1941144,953609
1941146,953597
1941147,2021674
1941154,102939
1941158,951904
1941159,2683564
1941165,99502
1941170,951818
1941176,1090734
1941178,104538
1941179,102708
1941185,103246
1941186,98995
1941200,951810
1941202,105660
1941204,95583
1941205,105681
1941210,113798
1941215,108188
1941221,108776
1941225,1088546
1941229,106070
1941258,114789
1941260,951248
1941261,114610
1941264,106153
1941265,108288
1941279,114277
1941280,114459
1941290,114873
1941306,952932
1941315,952926
1941322,952875
1941330,105341
1941341,109666
1941342,109666
1941345,114407
1941358,950797
1941362,107211
1941364,112273
1941372,102968
1941373,95515
1941386,1091289
1941389,1091318
1941390,1091318
1941394,114462
1941395,106935
1941399,1858057
1941400,102224
1941409,92936
1941411,102737
1941412,1090930
1941416,956328
1941418,102721
1941436,113608
1941439,1089560
1941441,107165
1941465,950322
1941467,950068
1941481,95039
1941483,94845
1941496,107294
1941499,113525
1941588,956435
1941616,105262
1941617,105270
1941627,98321
1941631,98319
1941636,104077
1941639,98318
1941644,98352
1941648,97468
1941665,954821
1941666,954822
1941672,92550
1941675,92200
1941680,93287
1941681,92520
1941685,91878
1941688,92496
1941691,91958
1941693,92755
1941694,91843
1941696,92607
1941701,954927
1941702,92608
1941704,92117
1941706,954765
1941708,1088098
1941711,92746
1941713,92119
1941716,1100247
1941717,1100248
1941721,92690
1941724,92703
1941725,954950
1941726,954945
1941727,954947
1941732,955001
1941746,110209
1941747,112864
1941750,112768
1941751,112864
1941753,952946
1941756,951780
1941761,952035
1941763,98523
1941765,104697
1941768,952364
1941772,99496
1941773,98521
1941775,104749
1941782,114541
1941789,114328
1941790,948942
1941797,948942
1941800,110854
1941810,110054
1941811,110384
1941812,2029589
1941813,948905
1941816,1872729
1941818,113818
1941825,101557
1941827,98689
1941836,1895462
1941837,1895463
1941844,1895464
1941847,1895461
1941853,101137
1941860,102263
1941870,97415
1941879,95537
1941890,108234
1941894,953800
1941905,953798
1941907,953799
1941917,104374
1941918,2683622
1941919,1089576
1941921,100896
1941942,98466
1941958,100198
1941961,100198
1941963,97268
1941970,104472
1941977,105170
1941984,951808
1941987,100654
1941988,100653
1941997,95449
1941998,104567
1942001,96192
1942002,952521
1942003,103388
1942004,105174
1942005,97808
1942011,97756
1942014,104560
1942015,951811
1942020,105171
1942024,100651
1942033,1089571
1942036,952457
1942046,1165512
1942048,2683843
1942061,103689
1942066,103711
1942067,100054
1942073,1872701
1942095,94599
1942111,948303
1942112,948303
1942113,948303
1942116,948303
1942117,948303
1942118,948303
1942121,948303
1942122,948303
1942123,948303
1942124,948303
1942125,948303
1942132,110211
1942135,110211
1942137,110207
1942138,948303
1942142,948303
1942144,948303
1942147,110211
1942152,110211
1942158,104604
1942159,1084773
1942181,110236
1942183,106843
1942184,112792
1942189,106843
1942195,106750
1942209,949233
1942210,949240
1942211,107281
1942213,111097
1942215,109809
1942218,1722464
1942220,1863088
1942222,1722545
1942227,949637
1942231,106979
1942236,112049
1942237,111455
1942238,110566
1942240,106510
1942241,106402
1942249,110584
1942266,98091
1942277,97715
1942283,102955
1942287,108767
1942294,108706
1942296,109775
1942297,110600
1942301,109633
1942302,107961
1942303,109843
1942306,111434
1942309,113988
1942310,108547
1942311,1091369
1942312,111332
1942313,111332
1942317,114607
1942318,948627
1942319,109806
1942326,114832
1942330,112090
1942333,948624
1942335,108363
1942336,108104
1942351,949170
1942352,949169
1942354,107958
1942362,1091373
1942363,110936
1942364,110936
1942370,109945
1942375,114167
1942379,110963
1942382,114607
1942385,110075
1942388,109557
1942410,104855
1942412,103187
1942415,1883970
1942416,100311
1942417,949340
1942418,111246
1942422,1084294
1942423,109752
1942425,949339
1942434,111714
1942435,111716
1942437,111715
1942438,1163137
1942442,958556
1942443,110391
1942454,102347
1942459,104945
1942461,95697
1942462,105483
1942463,105123
1942465,104800
1942470,103864
1942471,105920
1942472,94789
1942689,93736
1942695,95075
1942697,95271
1942727,97717
1942728,97718
1942730,100462
1942747,949058
1942749,1088597
1942761,112103
1942765,949047
1942768,949087
1942793,94540
1942951,95976
1942964,97304
1942973,104119
1942976,103747
1942977,101867
1942984,96079
1943009,114780
1943049,950561
1943050,950601
1943052,949756
1943054,113223
1943055,1091345
1943056,114168
1943059,111783
1943060,112942
1943079,952193
1943080,953810
1943081,100576
1943082,100572
1943083,2146627
1943084,2685852
1943098,109887
1943110,99255
1943111,102337
1943124,99241
1943132,98645
1943133,102063
1943134,98647
1943135,98644
1943136,95854
1943139,97602
1943143,93778
1943150,115433
1943151,115400
1943153,114687
1943154,1085975
1943155,93092
1943177,100541
1943202,103200
1943205,99075
1943208,953923
1943212,103694
1943213,102839
1943229,1952581
1943236,96641
1943238,103637
1943240,98173
1943241,105503
1943246,103364
1943258,101091
1943261,1952583
1943263,103237
1943264,102102
1943272,105390
1943273,101946
1943277,97171
1943278,99392
1943279,99373
1943281,100237
1943282,105437
1943286,95517
1943289,101422
1943291,105559
1943297,105495
1943306,97193
1943311,103040
1943312,1717976
1943313,97193
1943315,103026
1943316,98107
1943318,103723
1943319,102476
1943320,1952594
1943322,98115
1943325,103040
1943326,102873
1943327,97193
1943328,100057
1943329,103906
1943330,953608
1943332,103036
1943333,100091
1943335,95882
1943336,95826
1943337,100057
1943340,953630
1943341,96839
1943342,102873
1943345,98107
1943353,104452
1943354,98115
1943355,103040
1943360,110478
1943383,102810
1943394,94165
1943400,953581
1943401,92992
1943434,1091002
1943435,99802
1943436,1090244
1943437,1090482
1943444,1090481
1943456,103885
1943457,105488
1943458,104187
1943459,99683
1943461,1084642
1943463,92889
1943464,93122
1943466,92682
1943467,1086563
1943469,101044
1943474,92487
1943476,92076
1943477,1087568
1943479,93069
1943511,113389
1943521,1086900
1943522,96674
1943526,96674
1943527,1086900
1943528,96674
1943531,1084782
1943555,103121
1943561,102403
1943565,104546
1943572,103836
1943580,103737
1943587,104493
1943589,96972
1943591,100574
1943594,96957
1943607,948857
1943609,1890186
1943610,1890186
1943611,115270
1943616,115285
1943621,113349
1943622,104462
1943623,106230
1943627,114051
1943629,948857
1943641,108346
1943643,98442
1943666,101137
1943667,103518
1943701,101365
1943727,108364
1943734,1091937
1944154,99299
1944162,99196
1944186,2682486
1944189,2682485
1944214,92757
1944215,102124
1944230,103338
1944231,104161
1944233,104146
1944250,950512
1944289,92220
1944303,96833
1944304,104396
1944305,94147
1944309,1088966
1944311,954319
1944312,95392
1944320,1088964
1944326,94157
1944329,2683861
1944333,110996
1944334,110996
1944336,110996
1944338,111174
1944340,110993
1944345,92615
1944346,92613
1944347,92618
1944350,1163176
1944352,95106
1944357,108566
1944359,107426
1944362,106475
1944363,106475
1944385,104807
1944386,104842
1944390,102747
1944396,1087379
1944399,1726420
1944401,1087178
1944402,1087168
1944403,1087177
1944411,87503
1944412,949265
1944413,949265
1944414,949265
1944415,949276
1944416,949276
1944417,949265
1944418,949276
1944419,949265
1944420,949265
1944421,949276
1944422,949265
1944423,949276
1944424,949265
1944425,949265
1944426,949265
1944427,949265
1944428,949265
1944429,949265
1944432,949276
1944433,949276
1944435,951437
1944439,109836
1944452,101748
1944460,1087511
1944473,948744
1944475,106419
1944476,106967
1944478,106453
1944483,115399
1944485,113158
1944487,114894
1944490,948404
1944500,113062
1944503,110312
1944509,103004
1944510,103024
1944511,102994
1944512,103049
1944513,103035
1944514,102982
1944533,110270
1944534,110270
1944562,114010
1944579,92805
1944583,92793
1944590,951075
1944591,114419
1944682,952180
1944683,952181
1944694,2683571
1944697,2683570
1944698,2683591
1944700,101442
1944703,105372
1944704,2028446
1944709,2683590
1944718,102464
1944719,102040
1944728,105578
1944732,100113
1944733,100115
1944735,952603
1944742,92870
1944766,95049
1944772,113855
1944773,106310
1944779,949113
1944786,109316
1944790,114038
1944794,113855
1944798,106310
1944800,109398
1944802,2031048
1944804,103571
1944809,952220
1944834,1091065
1944837,955179
1944840,93939
1944847,104202
1944850,95807
1944851,96770
1944852,96577
1944861,95807
1944868,1884071
1944872,103852
1944882,98340
1944887,96770
1944888,98333
1944899,101099
1944909,1086217
1944910,98305
1944914,2683900
1944929,99584
1944930,99578
1944931,99669
1944932,99586
1944933,99597
1944937,2683897
1944939,96937
1944941,2683894
1944942,99589
1944943,2683896
1944957,98305
1944962,96577
1944968,103117
1944970,102320
1944973,103656
1944976,1086221
1944983,950736
1944986,2685831
1944987,2685832
1944988,2685832
1944989,2685833
1944990,2685833
1944991,104476
1944992,101682
1944993,101709
1945123,95570
1945169,1089049
1945232,95470
1945236,95530
1945247,100376
1945258,96413
1945263,88122
1945278,98197
1945289,1086287
1945301,1084743
1945322,101369
1945331,98041
1945391,1094789
1945410,97594
1945412,954258
1945421,954200
1945426,95327
1945480,98581
1945481,98581
1945485,953335
1945490,98901
1945491,98898
1945493,98902
1945495,98899
1945496,98907
1945497,100894
1945500,953839
1945505,1091235
1945508,953888
1945509,953887
1945513,93462
1945523,1090387
1945525,93455
1945526,95067
1945527,95046
1945529,95235
1945543,110268
1945549,953401
1945553,106879
1945558,114590
1945559,112995
1945561,114127
1945565,105208
1945568,2137853
1945570,105209
1945573,105650
1945584,101785
1945589,1087497
1945629,1083199
1945630,1083200
1945653,106836
1945655,951092
1945656,950087
1945657,115143
1945658,2684671
1945671,112594
1945672,951100
1945673,951095
1945674,111484
1945678,111478
1945679,951420
1945680,1100268
1945681,1727134
1945682,115134
1945684,115133
1945685,1100267
1945686,106546
1945687,115177
1945688,106306
1945689,115175
1945690,115122
1945692,951102
1945693,951114
1945696,114104
1945697,111586
1945698,114061
1945699,112972
1945700,112800
1945701,113019
1945702,114156
1945707,115147
1945709,112915
1945711,113389
1945712,113441
1945713,112812
1945720,2684789
1945732,93905
1945733,954334
1945757,105746
1945759,97789
1945765,108200
1945768,101119
1945770,101118
1945801,107119
1945802,2012907
1945804,2012908
1945818,107536
1945834,109616
1945836,1090191
1945887,113342
1945900,103457
1945902,1084177
1945912,105780
1945916,105876
1945924,103998
1945933,108376
1945935,97051
1945936,97044
1945941,97530
1945945,95980
1945947,96413
1945948,96966
1945949,101149
1945958,100177
1945961,96328
1945965,97474
1945966,104425
1945967,96250
1945970,105759
1945971,103106
1945984,100631
1945986,953222
1945987,2682180
1945989,2685926
1945991,101770
1945999,106533
1946004,105685
1946011,102301
1946013,95084
1946021,95278
1946022,95277
1946028,95083
1946029,954454
1946032,87924
1946034,87906
1946040,114107
1946046,115373
1946052,114297
1946060,113983
1946061,108866
1946064,115015
1946067,115373
1946068,114503
1946072,111398
1946074,114503
1946081,115091
1946084,106249
1946095,1084273
1946098,951125
1946105,948767
1946109,113421
1946112,949974
1946120,949204
1946130,949204
1946153,91510
1946165,954910
1946166,93157
1946178,97150
1946179,104716
1946182,104636
1946190,105463
1946200,953077
1946222,108869
1946225,108869
1946233,952084
1946235,98793
1946257,1726386
1946264,106856
1946281,94877
1946288,92487
1946295,1087552
1946297,92062
1946299,93020
1946301,92293
1946317,95122
1946322,92412
1946324,92617
1946328,2684718
1946334,91794
1946335,92002
1946373,100383
1946426,949208
1946429,949206
1946430,949246
1946444,102344
1946454,102935
1946460,102344
1946508,100495
1946514,99374
1946515,99372
1946520,99372
1946530,101021
1946534,99755
1946541,952032
1946561,100814
1946563,100618
1946568,953835
1946574,100857
1946577,100492
1946584,93286
1946598,952114
1946604,2683820
1946614,110589
1946629,111782
1946634,1895480
1946635,1090162
1946637,1892286
1946641,950482
1946643,107192
1946644,951079
1946645,115161
1946648,950482
1946649,948188
1946667,950472
1946680,97154
1946720,953716
1946724,953716
1946771,95089
1946774,94085
1946781,954124
1946782,954122
1946783,95063
1946786,94127
1946796,95125
1946797,2028208
1946798,2028205
1946799,93992
1946800,95202
1946801,93766
1946802,93440
1946803,93476
1946804,95189
1946805,93767
1946806,93768
1946807,94236
1946808,93380
1946810,95142
1946811,93765
1946813,93689
1946814,2028196
1946821,95246
1946822,94109
1946828,93994
1946829,1084896
1946831,93417
1946836,93968
1946846,113879
1946847,106650
1946848,108704
1946849,113670
1946850,950536
1946853,110109
1946859,107924
1946867,107535
1946869,107535
1946871,112831
1946881,115236
1946883,115236
1946887,950006
1946901,91684
1946922,91510
1946950,1723403
1946964,98046
1946966,104275
1946967,104204
1946969,952779
1946974,104108
1946976,99451
1946978,98047
1946979,952059
1946980,95838
1946981,96325
1946983,104779
1947001,949111
1947010,113746
1947021,94655
1947022,93830
1947028,88026
1947035,87867
1947036,100908
1947056,951241
1947064,115348
1947068,109343
1947089,955038
1947091,955039
1947094,109448
1947098,107863
1947106,106918
1947116,113304
1947118,114758
1947127,110821
1947142,948439
1947176,102153
1947177,105836
1947180,105561
1947182,103407
1947191,1716256
1947192,1716255
1947264,106296
1947265,106245
1947268,107337
1947274,111466
1947275,108558
1947278,950953
1947279,109160
1947304,113895
1947311,948725
1947312,948727
1947318,114534
1947320,949140
1947325,949140
1947326,951505
1947328,113561
1947329,109160
1947332,950586
1947344,87842
1947355,94409
1947359,109279
1947361,109279
1947367,102741
1947373,1089294
1947387,99209
1947406,105138
1947416,104643
1947428,1849159
1947491,87472
1947493,87535
1947499,1884158
1947503,1884152
1947534,113226
1947548,114659
1947550,113654
1947551,108737
1947552,108736
1947554,949862
1947556,108281
1947558,2684832
1947586,95425
1947587,109288
1947590,113462
1947596,91319
1947597,91322
1947598,91320
1947604,1083239
1947605,91340
1947607,1089437
1947613,1089442
1947614,1083235
1947616,1084138
1947618,1084137
1947621,1084138
1947651,114979
1947652,114493
1947658,112816
1947661,1088552
1947662,112218
1947672,948960
1947679,113402
1947683,1888800
1947688,1888801
1947689,115782
1947690,100034
1947691,100047
1947699,102085
1947710,95626
1947713,96339
1947720,107315
1947721,106711
1947726,106172
1947729,96791
1947730,101391
1947734,102966
1947735,100733
1947736,105586
1947754,951722
1947755,96163
1947756,94608
1947795,113717
1947796,948722
1947797,948938
1947799,1091452
1947800,114007
1947810,110662
1947818,112782
1947820,110479
1947824,111775
1947827,950972
1947830,103460
1947914,94238
1947915,949928
1947916,106170
1947917,106155
1947918,93304
1947923,93820
1947937,113976
1947951,2685895
1947952,952039
1947953,952040
1947954,2685896
1947955,103610
1947956,103847
1947961,98602
1947962,98602
1947963,103835
1947964,1854370
1947967,96157
1947969,104179
1947970,953804
1947972,101690
1947974,1868779
1947975,1867862
1947976,1867860
1947977,1867860
1947978,953461
1947979,1867862
1947988,105456
1947990,99745
1947993,103064
1948008,102423
1948013,1090121
1948015,96458
1948025,93525
1948027,102013
1948030,94818
1948031,94800
1948033,93841
1948035,94717
1948037,954335
1948038,94882
1948039,94189
1948041,94914
1948042,94342
1948044,95143
1948045,94797
1948046,94806
1948047,93605
1948048,93605
1948050,93489
1948052,94935
1948053,94499
1948072,951372
1948074,106494
1948081,101972
1948082,101972
1948087,1163493
1948088,950833
1948090,948695
1948095,957976
1948096,957986
1948097,957974
1948099,112878
1948101,1089703
1948112,1476634
1948126,113959
1948134,110728
1948138,110729
1948155,958011
1948158,107942
1948161,107945
1948162,107944
1948164,107944
1948167,109511
1948171,958011
1948174,107945
1948175,957991
1948177,957981
1948183,113032
1948185,114651
1948188,1089703
1948190,108459
1948196,957984
1948234,107931
1948237,114660
1948239,113629
1948250,1084304
1948256,1084304
1948257,1084305
1948259,112708
1948260,112700
1948262,957987
1948263,1084306
1948265,114474
1948278,1091062
1948284,113161
1948291,113163
1948311,102463
1948318,107374
1948319,105314
1948321,96291
1948324,96291
1948325,1084643
1948326,92157
1948329,91872
1948330,91870
1948334,91913
1948335,92116
1948359,949009
1948361,949016
1948369,1089180
1948372,1888802
1948388,109003
1948394,1090098
1948402,2685535
1948407,110006
1948413,108991
1948415,108987
1948418,1089561
1948419,110850
1948425,110141
1948428,108899
1948432,114661
1948435,108492
1948436,1090967
1948437,949229
1948451,109477
1948453,109474
1948454,109482
1948461,109475
1948465,109476
1948468,109476
1948469,109478
1948481,115170
1948488,105368
1948489,105368
1948496,105197
1948498,1090201
1948501,952258
1948502,1723406
1948506,951921
1948507,2041560
1948509,2043562
1948520,953145
1948522,2042089
1948536,113713
1948561,115456
1948585,115456
1948626,953874
1948629,2685547
1948634,108109
1948644,105938
1948656,1883989
1948671,1085041
1948677,114446
1948680,114446
1948681,113189
1948683,113086
1948684,113189
1948693,109855
1948695,115241
1948696,113843
1948697,113901
1948698,106436
1948705,115022
1948709,115434
1948710,115022
1948711,107917
1948712,115022
1948718,108800
1948719,108800
1948720,108799
1948722,1089551
1948725,109855
1948739,100095
1948740,100097
1948741,948806
1948743,1085942
1948771,1083337
1948777,1091048
1948781,109625
1948783,109625
1948789,93203
1948790,92571
1948791,93275
1948798,93155
1948812,112612
1948813,950454
1948814,107121
1948831,108393
1948865,950876
1948873,113805
1948874,106095
1948877,105509
1948879,101698
1948895,952925
1948901,96447
1948927,1090664
1948958,98033
1948985,1882671
1948998,102447
1949072,953894
1949112,953894
1949119,114681
1949121,95683
1949156,109808
1949171,956390
1949181,101263
1949183,1089460
1949230,105680
1949252,104723
1949254,104677
1949256,105178
1949295,952976
1949321,1090767
1949323,105691
1949400,96639
1949419,105983
1949433,103188
1949435,98942
1949473,102721
1949478,104787
1949501,952370
1949503,104573
1949505,100161
1949541,101077
1949581,102969
1949586,95500
1949601,95464
1949628,95436
1949663,953568
1949699,950606
1949701,951408
1949704,951506
1949713,106304
1949729,1100468
1949747,98521
1949755,104119
1949778,96577
1949790,97594
1949812,95980
1949851,1084658
1949861,102965
1949864,952293
1949918,108572
1949919,1091267
1949932,97681
1949958,2011432
1949959,96548
1949962,102869
1949976,96248
1950025,102045
1950045,106518
1950091,103987
1950102,99616
1950124,99761
1950190,1087805
1950300,112695
1950370,110387
1950398,1085950
1950412,105226
1950422,1855958
1950465,99940
1950519,103587
1950521,101631
1950592,111594
1950604,105577
1950616,105835
1950682,104524
1950698,95632
1950711,100510
1950727,1092045
1950891,2683783
1950892,2683783
1950906,112859
1951040,104501
1951041,104529
1951221,115170
1951263,109517
1951335,113095
1951463,99513
1951564,109810
1951695,109398
1951795,95800
1951827,106952
1951828,110479
1951845,112878
1951906,105577
1951923,105347
1951926,112644
1951966,952986
1951974,91832
1951983,104553
1952001,96447
1952026,2683693
1952033,99613
1952034,953055
1952037,102312
1952044,97556
1952049,105577
1952050,104984
1952051,103439
1952091,95484
1952101,95850
1952120,1890180
1952145,95770
1952161,101044
1952171,100495
1952219,2684815
1952240,956340
1952243,1091714
1952244,959570
1952247,1726385
1952262,97285
1952289,100263
1952290,103082
1952294,88598
2048984,106106
2049012,114163
2049014,114114
2049020,114163
2049048,950526
2049052,950530
2049053,950652
2049066,109862
2049089,949783
2049310,106493
2049314,110211
2049341,1892991
2049344,1088655
2049382,950549
2049411,108375
2049430,109725
2049432,951152
2049433,948711
2049439,1090886
2049459,1953555
2049470,113751
2049472,113751
2049475,113751
2049476,115569
2049477,115594
2049555,111177
2049556,109725
2049567,948257
2049569,1088554
2049581,1088648
2049586,1088648
2049587,948303
2049589,948303
2049630,949238
2049659,1088596
2049705,949265
2049707,106062
2049708,949265
2049709,949265
2049710,949276
2049711,949265
2049712,2028463
2049724,112679
2049757,2038571
2049760,114773
2049767,113070
2049771,950766
2049778,112862
2049782,948830
2049788,950526
2049789,113575
2049795,113070
2049797,950526
2049827,949814
2049829,949814
2049833,950958
2049835,950453
2049838,949842
2049840,112607
2049845,949814
2049849,951010
2049855,111994
2049863,113640
2049865,109789
2049868,113640
2049900,950512
2049923,950469
2049947,948303
2049952,111578
2049975,114322
2050013,110163
2050037,110175
2050053,2682359
2050091,108463
2050179,114236
2050239,108463
2050247,949058
2050262,1088541
2050276,1163162
2050279,1088640
2050281,1163158
2050282,1163161
2050300,110926
2050301,110926
2050304,110926
2050305,110926
2050314,110926
2050316,110926
2050319,950521
2050321,110926
2050333,2028463
2050350,115581
2050354,115581
2050359,1333711
2050368,111338
2050382,111176
2050392,948294
2050393,949869
2050415,951437
2050428,115581
2050431,109708
2050433,113557
2050435,957283
2050439,115735
2050443,2685708
2050457,949155
2050468,949911
2050471,113282
2050475,2028462
2050477,109059
2050491,112220
2050493,109059
2050494,949158
2050505,108717
2050530,949062
2050541,114926
2050552,108843
2050568,113144
2050575,108844
2050588,107145
2050600,112679
2050604,112683
2050637,114998
2050642,950512
2050646,108288
2050648,950574
2050650,948743
2050656,107393
2050662,1088545
2050668,115628
2050669,109966
2050678,110661
2050681,106825
2050682,113096
2050695,950512
2050696,950568
2050710,111380
2050712,110892
2050716,107635
2050722,1090887
2050737,106117
2050740,948303
2050743,1090888
2050746,112432
2050781,107635
2050791,114541
2050805,112710
2050821,1088543
2050822,112432
2050831,948303
2050832,106086
2050837,1088543
2050848,112432
2050880,949961
2050882,950696
2050885,108132
2050891,110211
2050913,113442
2050914,114401
2050915,112432
2050929,2685664
2050932,1088570
2050935,99322
2050940,103557
2050941,99046
2050944,103562
2050945,99323
2050965,97270
2050968,98187
2050972,97001
2050973,97002
2050982,1875947
2050983,1086145
2050984,104893
2050994,98973
2050995,1090929
2050999,96508
2051000,951891
2051008,104880
2051010,97025
2051013,98075
2051019,98077
2051023,98081
2051031,1087571
2051037,99659
2051043,97672
2051089,94856
2051094,102010
2051102,954409
2051105,94232
2051129,1084563
2051174,1087115
2051219,111225
2051220,112911
2051239,1720964
2051243,105569
2051253,104265
2051255,1084648
2051256,112954
2051257,949953
2051260,104565
2051264,1087328
2051269,1090511
2051271,958611
2051273,953829
2051281,958116
2051292,101619
2051294,1091783
2051298,1090226
2051300,102562
2051311,958116
2051315,1089471
2051319,97726
2051323,105059
2051328,98487
2051331,1091205
2051334,98488
2051338,104572
2051347,100711
2051359,111934
2051374,111744
2051375,110706
2051380,109765
2051383,953756
2051388,100022
2051393,103938
2051399,110096
2051400,96471
2051402,99474
2051403,1882674
2051417,951252
2051462,1866119
2051464,92323
2051467,953211
2051474,104426
2051475,100520
2051477,102380
2051480,87936
2051484,91883
2051485,92317
2051511,2038151
2051523,104240
2051530,97432
2051539,951853
2051540,953610
2051543,96862
2051545,1855958
2051555,1722558
2051556,97416
2051559,97929
2051591,97416
2051592,953612
2051596,101828
2051615,103617
2051617,97991
2051623,96324
2051627,91835
2051660,96821
2051675,1722540
2051691,103740
2051705,1867011
2051713,102739
2051724,97504
2051729,98771
2051730,97917
2051738,102156
2051740,100886
2051747,103299
2051751,1895476
2051761,1871380
2051775,99338
2051781,95712
2051804,98772
2051816,2683840
2051826,952603
2051828,104192
2051832,105040
2051841,97916
2051846,1087721
2051853,106004
2051861,91720
2051867,96955
2051875,100842
2051885,951909
2051890,1084177
2051905,93582
2051906,95088
2051921,98103
2051927,102692
2051928,98420
2051980,952420
2051987,1086230
2051994,2028211
2051995,1086218
2052007,103826
2052013,1086229
2052016,103292
2052030,97226
2052034,93053
2052039,949309
2052057,2683693
2052099,952654
2052109,98033
2052110,96525
2052132,102800
2052136,1086190
2052137,1884047
2052138,1086228
2052160,954949
2052164,98431
2052166,96417
2052194,1083240
2052256,1089438
2052259,91437
2052283,95169
2052288,954316
2052303,96695
2052317,96525
2052327,1084637
2052328,1087350
2052337,92644
2052343,1083177
2052354,98445
2052358,92937
2052359,1084361
2052360,954317
2052362,91789
2052363,1087096
2052373,1086256
2052401,91435
2052416,91399
2052424,955202
2052428,1083163
2052445,101412
2052471,2008261
2052473,2020674
2052474,952359
2052478,952676
2052483,2008259
2052496,104735
2052497,958168
2052499,91366
2052501,953918
2052504,2020675
2052507,100282
2052511,103922
2052513,97132
2052520,952728
2052523,958167
2052525,953928
2052526,105630
2052528,91378
2052529,101407
2052533,104210
2052535,952666
2052537,101316
2052542,952978
2052549,2683957
2052550,2683957
2052552,101316
2052554,951777
2052558,100028
2052582,97108
2052584,101413
2052590,102879
2052599,91640
2052603,102228
2052610,102056
2052614,104473
2052616,952663
2052624,96388
2052625,97005
2052627,97758
2052629,102078
2052631,91442
2052632,101224
2052639,952877
2052642,951771
2052646,91351
2052650,2034264
2052656,952303
2052659,1083238
2052660,1087809
2052661,97090
2052662,91292
2052663,2137853
2052664,91396
2052668,103705
2052669,953003
2052675,2020672
2052683,952226
2052687,1083164
2052691,952987
2052694,955187
2052696,102078
2052698,91313
2052699,91330
2052701,91377
2052707,952487
2052710,94855
2052717,105589
2052720,1715330
2052721,954047
2052723,95199
2052730,2685865
2052732,93582
2052734,93886
2052770,98044
2052771,99071
2052774,102944
2052779,99447
2052783,2685796
2052795,94336
2052798,101661
2052801,102301
2052802,94731
2052812,95311
2052830,104888
2052832,102064
2052838,954462
2052840,95320
2052842,97595
2052843,104690
2052844,96930
2052845,104354
2052846,102843
2052849,103144
2052853,98716
2052860,101053
2052862,104810
2052864,93424
2052872,105462
2052896,96087
2052907,104212
2052911,954414
2052912,103847
2052919,102395
2052920,96274
2052923,104324
2052926,96995
2052928,954283
2052933,953324
2052935,96978
2052936,953657
2052939,104838
2052947,95232
2052949,103612
2052950,104973
2052953,100880
2052955,100584
2052971,2012710
2053030,96151
2053033,95920
2053035,1863079
2053036,98082
2053056,952505
2053062,105577
2053068,98078
2053071,98083
2053079,96468
2053088,96736
2053089,98079
2053099,2682172
2053109,104968
2053110,101705
2053112,952293
2053114,102940
2053121,2028454
2053136,2028454
2053146,96553
2053153,952651
2053182,104868
2053197,99379
2053214,953044
2053244,2682604
2053250,1087274
2053255,104694
2053259,2012732
2053267,102105
2053278,2012710
2053281,953080
2053282,103263
2053285,2012706
2053286,953082
2053291,97280
2053302,952555
2053314,2015007
2053318,2014971
2053331,1145526
2053335,1087359
2053340,1087361
2053344,1084455
2053346,2012709
2053351,957079
2053353,2015001
2053361,1087120
2053375,2012728
2053379,1859871
2053382,2034265
2053383,2014986
2053385,100413
2053392,1084613
2053395,2012603
2053406,2014990
2053413,1859870
2053419,1087021
2053424,2012710
2053426,1859869
2053428,99659
2053432,1859867
2053434,957079
2053436,2045346
2053438,2012730
2053441,2014974
2053486,1163178
2053489,1726384
2053490,97760
2053505,953494
2053506,1084481
2053508,96933
2053511,2683665
2053515,1084521
2053516,956831
2053521,2014956
2053532,1087103
2053534,2021646
2053535,96786
2053539,1087091
2053541,100765
2053552,954065
2053555,94212
2053595,954599
2053610,103444
2053611,91720
2053626,97672
2053637,1723411
2053655,1148190
2053656,1162372
2053657,1162312
2053659,1162328
2053683,1852806
2053688,100881
2053690,110472
2053691,110472
2053696,110472
2053719,1086250
2053734,2028214
2053741,101913
2053742,98983
2053745,97691
2053746,1087719
2053748,96764
2053756,97688
2053768,102092
2053771,96411
2053777,99906
2053780,104699
2053783,1087658
2053800,953665
2053806,95612
2053813,88327
2053943,104538
2053964,953770
2054064,98928
2054118,105133
2054128,99692
2054135,100949
2054161,94612
2054162,94609
2054167,92340
2054184,92994
2054186,103958
2054187,95870
2054197,93306
2054204,103634
2054208,93062
2054209,92347
2054211,93135
2054213,92250
2054214,91882
2054225,94441
2054226,94777
2054228,93553
2054237,96813
2054246,96159
2054250,1083380
2054258,98430
2054260,2045630
2054263,952519
2054278,96312
2054289,102268
2054301,96896
2054306,101970
2054307,102263
2054315,92619
2054353,953861
2054355,952402
2054366,97069
2054369,96892
2054370,107119
2054388,104114
2054395,107226
2054399,108293
2054403,107046
2054411,112895
2054413,107148
2054421,97889
2054423,107196
2054425,110708
2054434,102893
2054436,102371
2054438,103495
2054442,91694
2054455,100880
2054459,95938
2054465,104421
2054466,100049
2054469,953099
2054470,953163
2054480,113329
2054487,100148
2054492,103947
2054493,99938
2054527,102325
2054538,104865
2054557,103198
2054564,102751
2054570,105923
2054586,99513
2054590,99848
2054592,952715
2054594,101620
2054597,1857099
2054614,952589
2054619,1148191
2054623,1162325
2054629,108328
2054633,1162331
2054636,948952
2054640,948995
2054646,102203
2054647,105893
2054658,103217
2054665,1086070
2054700,955049
2054704,104908
2054705,98477
2054709,96266
2054710,102625
2054715,98097
2054718,102466
2054719,97515
2054721,103993
2054723,952509
2054731,93056
2054735,958137
2054736,2683635
2054740,104997
2054741,105849
2054744,1090999
2054746,97771
2054749,96126
2054763,92905
2054766,91823
2054767,99180
2054843,95702
2054871,2026619
2054883,1083165
2054884,955235
2054891,106183
2054895,114978
2054902,113503
2054904,1091963
2054929,97085
2054933,1090921
2054934,102475
2054936,102678
2054943,2157042
2054947,96386
2054950,96420
2054991,1087163
2054992,102282
2054997,2682604
2055013,1087347
2055015,102904
2055032,93554
2055033,103592
2055053,105073
2055079,97206
2055087,93376
2055088,94998
2055103,113331
2055105,115338
2055108,115128
2055111,1086612
2055114,92440
2055118,1892276
2055120,92208
2055133,955024
2055153,92887
2055154,92799
2055165,1091785
2055166,101159
2055167,2029570
2055168,2029570
2055182,104321
2055192,953685
2055196,98679
2055198,96689
2055199,101211
2055203,948995
2055205,104283
2055210,97963
2055218,93235
2055272,106675
2055300,112243
2055301,109331
2055338,954635
2055339,952119
2055351,98883
2055357,105781
2055362,114486
2055363,952160
2055366,1867010
2055398,2683639
2055406,97726
2055407,2683812
2055408,2026632
2055448,105788
2055456,102368
2055457,952031
2055462,102378
2055468,102378
2055517,97155
2055529,105261
2055554,100587
2055567,103843
2055572,952565
2055573,953711
2055580,97222
2055595,96977
2055602,952722
2055604,101673
2055614,1091089
2055615,93231
2055616,97428
2055620,93239
2055621,952569
2055630,99506
2055631,99179
2055633,954684
2055635,1091088
2055642,97012
2055645,103031
2055649,1092005
2055655,952141
2055662,1892961
2055663,2011433
2055666,104637
2055668,2025651
2055669,1089451
2055674,958593
2055687,104612
2055688,2025650
2055690,2025648
2055692,1089484
2055694,2025649
2055696,1858036
2055700,1864947
2055706,100378
2055724,105902
2055751,97659
2055759,1089599
2055778,96940
2055810,1084768
2055811,97701
2055821,99750
2055828,104265
2055870,100880
2055897,102183
2055900,100470
2055916,956827
2055921,105497
2055926,102730
2055928,951724
2055929,102366
2055941,2682595
2055949,958171
2055979,951749
2055983,951751
2055986,98473
2055991,98478
2056004,958183
2056008,106690
2056018,100731
2056019,101295
2056024,101192
2056025,101189
2056027,1091026
2056032,952947
2056036,102675
2056047,99986
2056051,97241
2056056,960061
2056058,99038
2056059,102099
2056064,2686010
2056073,955024
2056088,96420
2056091,99673
2056160,105669
2056163,98928
2056185,98260
2056198,105577
2056222,100329
2056223,103134
2056225,99733
2056230,105493
2056237,96558
2056261,95943
2056272,103538
2056274,1094928
2056275,101997
2056302,92246
2056323,952383
2056350,102737
2056353,102353
2056360,105711
2056361,102440
2056367,102646
2056389,102615
2056417,99794
2056426,104754
2056435,105058
2056438,104444
2056459,105409
2056462,104243
2056468,105262
2056514,2139118
2056517,105231
2056518,102353
2056521,102622
2056524,105226
2056525,953102
2056532,104226
2056559,102684
2056568,1091487
2056572,1091017
2056580,1884048
2056583,102573
2056586,102572
2056590,1884050
2056592,104417
2056600,1884049
2056608,95508
2056610,95445
2056612,952976
2056658,2008102
2056662,98381
2056675,1719510
2056679,107127
2056704,110996
2056707,2044205
2056746,107946
2056771,1884156
2056773,2685678
2056774,950729
2056778,1892993
2056779,107967
2056789,111352
2056804,112275
2056814,1894603
2056854,950764
2056855,114247
2056857,108890
2056862,2682415
2056869,113060
2056898,950752
2056900,114485
2056956,1894604
2056958,1722522
2056959,110312
2056963,948878
2057053,106356
2057062,114148
2057067,114148
2057089,949812
2057092,115529
2057094,949922
2057171,1165481
2057211,109352
2057222,2684886
2057255,109357
2057294,109351
2057296,949260
2057298,107832
2057302,949260
2057313,115352
2057341,951238
2057426,113257
2057429,112663
2057432,1090680
2057457,1089548
2057468,1884117
2057500,115743
2057509,950627
2057511,109014
2057517,115181
2057526,950873
2057528,2684719
2057542,113012
2057544,109014
2057556,115599
2057564,106406
2057566,950863
2057572,112787
2057575,111774
2057579,1090159
2057587,114292
2057589,115318
2057591,106970
2057622,112620
2057630,112614
2057649,958013
2057671,950050
2057675,108913
2057676,115390
2057677,109031
2057687,107328
2057688,108319
2057690,115755
2057713,106450
2057717,113529
2057720,110127
2057760,108971
2057762,107023
2057764,113952
2057775,1883990
2057781,106399
2057783,112649
2057789,110844
2057797,109739
2057806,114364
2057807,109929
2057814,115754
2057819,109568
2057829,108525
2057840,112788
2057842,110441
2057843,112788
2057868,948782
2057876,110388
2057886,109250
2057888,2017826
2057891,109031
2057904,109249
2057922,109745
2057930,109028
2057931,109031
2057935,115755
2057944,106221
2057948,110434
2057952,114112
2057953,114040
2057956,110737
2057961,114428
2057965,115749
2057979,108183
2058009,107471
2058010,948647
2058015,950676
2058016,111193
2058018,950609
2058027,948137
2058050,2130405
2058066,106458
2058081,2684642
2058086,114853
2058104,106450
2058109,114652
2058110,2130405
2058111,113892
2058116,114745
2058125,1146377
2058401,951085
2058568,2011623
2058570,108431
2058573,1092117
2058574,108426
2058582,2011591
2058583,108424
2058585,1092119
2058586,2011624
2058659,950800
2058691,2685613
2058716,114990
2058720,2133240
2058725,949182
2058726,1476640
2058729,949603
2058786,948428
2058787,951133
2058790,111662
2058802,2008120
2058814,108959
2058818,949786
2058879,949786
2058887,113983
2058899,114151
2058911,948596
2058913,949554
2058916,107108
2058919,1145064
2058921,948596
2058925,109963
2058926,110734
2058944,948785
2058947,951128
2058980,2047438
2058988,950334
2058993,948766
2059026,107998
2059080,112341
2059081,112898
2059088,114608
2059098,948924
2059122,115660
2059150,106746
2059156,115128
2059164,110127
2059181,107563
2059182,115241
2059183,949965
2059188,112695
2059192,950878
2059193,109014
2059196,114615
2059200,113529
2059211,950878
2059213,110271
2059217,1864078
2059226,1090969
2059227,950367
2059230,110095
2059234,1866379
2059239,114785
2059248,950367
2059266,951046
2059270,109970
2059291,950873
2059344,97578
2059411,1083345
2059516,99900
2059644,97578
2059686,101021
2059698,104647
2059784,952423
2059842,96149
2059844,1083366
2059847,1083264
2059852,103291
2059876,101021
2059887,104985
2059911,102867
2059915,98782
2059924,102175
2059934,98624
2059935,104335
2059950,103098
2059956,97246
2059959,98638
2059980,103585
2059996,952382
2060026,98684
2060034,98851
2060044,100444
2060053,97312
2060058,1083285
2060059,101669
2060063,99365
2060072,102955
2060082,104257
2060102,99344
2060148,96196
2060173,105602
2060185,97578
2060197,104012
2060214,101927
2060220,97223
2060265,1083333
2060275,100260
2060301,95995
2060304,98507
2060323,99291
2060327,951930
2060331,98180
2060335,96607
2060338,101743
2060350,953644
2060353,104698
2060357,96729
2060360,96447
2060369,1083261
2060370,105716
2060373,96447
2060379,100494
2060380,953578
2060394,952426
2060396,100493
2060405,103713
2060406,101729
2060407,97018
2060428,98180
2060433,102485
2060442,95618
2060463,952852
2060465,102123
2060474,96407
2060483,96439
2060489,2138728
2060496,2157478
2060510,96284
2060514,953644
2060515,96486
2060524,100257
2060547,103868
2060548,100419
2060592,113014
2060719,1091106
2060724,1091106
2060774,951027
2060776,113599
2060778,951038
2060944,1085947
2060946,112243
2060949,112243
2061034,110477
2061041,950152
2061043,949526
2061073,113330
2061091,109355
2061093,109354
2061098,109357
2061278,111423
2061285,111423
2061290,112881
2061298,112105
2061300,106701
2061301,112891
2061302,106590
2061303,108294
2061306,107180
2061314,108298
2061318,951262
2061322,951261
2061349,109370
2061357,109563
2061400,115633
2061401,113951
2061406,1085950
2061465,115225
2061499,1085950
2061534,114838
2061539,948970
2061563,951259
2061587,111752
2061649,111377
2061683,948972
2061700,107119
2061706,109297
2061707,111005
2061723,950617
2061737,1085939
2061745,948971
2061761,109755
2061920,106183
2061980,115155
2061983,112893
2061984,115155
2061987,115352
2061993,109485
2061999,112893
2062007,108248
2062057,112796
2062060,112638
2062226,111774
2062228,111774
2062229,111774
2062231,111774
2062246,111402
2062249,1091285
2062272,1170899
2062275,111252
2062285,1858053
2062310,951333
2062321,108332
2062323,109830
2062332,949106
2062336,948278
2062338,949106
2062340,113413
2062343,949104
2062344,113746
2062352,112958
2062355,107026
2062356,112958
2062364,1091319
2062368,949136
2062378,107052
2062379,113018
2062385,1090041
2062386,108040
2062387,951343
2062388,951384
2062393,1090039
2062397,108039
2062400,951230
2062403,951214
2062414,950797
2062416,1864028
2062417,113554
2062420,950797
2062430,110502
2062433,110499
2062439,948386
2062460,108062
2062461,107674
2062478,111878
2062480,111691
2062482,948171
2062483,950198
2062510,111539
2062551,1719997
2062556,1719996
2062557,107368
2062572,1091131
2062576,1091311
2062583,114116
2062597,949319
2062602,110474
2062606,949929
2062617,111374
2062619,949202
2062635,949553
2062641,949301
2062657,949711
2062665,950966
2062666,948261
2062673,108188
2062674,107572
2062677,108215
2062699,948333
2062701,110548
2062726,2130410
2062727,1091124
2062728,110554
2062742,948441
2062752,112349
2062756,113703
2062757,106240
2062758,114278
2062759,109721
2062763,112531
2062791,107521
2062794,109466
2062806,108862
2062841,948551
2062844,109466
2062846,2683916
2062852,110607
2062859,112810
2062862,107521
2062863,950658
2062872,115353
2062873,108597
2062875,110542
2062879,114024
2062881,110540
2062883,110535
2062886,2683943
2062887,950946
2062888,109336
2062891,951264
2062894,110539
2062896,108215
2062906,949306
2062915,110543
2062917,112532
2062918,110538
2062946,110201
2062952,1884080
2062958,114338
2062962,1145539
2062967,115638
2062971,114560
2062976,106819
2062980,948721
2062983,108546
2062986,113968
2062988,113327
2062989,112049
2062990,113706
2062991,1866389
2062995,108543
2063002,1162345
2063005,115659
2063007,113023
2063009,1091355
2063021,2682410
2063024,949008
2063027,1170903
2063031,1100282
2063032,949017
2063041,1091561
2063042,113758
2063048,948847
2063049,2128537
2063050,1089949
2063051,109416
2063055,109374
2063061,109374
2063072,950686
2063073,109551
2063095,108542
2063107,948476
2063108,113327
2063114,113909
2063129,113327
2063138,106750
2063148,115496
2063158,113472
2063173,948600
2063178,1884077
2063203,1100282
2063213,2146678
2063222,1870834
2063232,106719
2063246,2685608
2063247,950964
2063250,106599
2063255,948391
2063258,111656
2063261,113937
2063266,106964
2063267,109336
2063268,950630
2063272,109134
2063274,109131
2063276,113703
2063277,113933
2063279,111400
2063280,115347
2063281,950188
2063294,950188
2063297,114509
2063298,114782
2063301,107837
2063306,113379
2063307,112261
2063313,109131
2063321,112711
2063322,110551
2063324,109442
2063325,108321
2063333,1091510
2063343,107013
2063344,113796
2063345,106360
2063349,112701
2063352,112252
2063356,114509
2063357,115350
2063364,113775
2063369,114705
2063371,113910
2063375,108578
2063378,112257
2063382,110537
2063386,113264
2063387,1091418
2063391,115064
2063395,1890185
2063400,107664
2063403,107129
2063405,107069
2063420,1858052
2063424,115222
2063426,115120
2063432,106475
2063445,949618
2063448,114873
2063456,110533
2063458,1091312
2063490,114102
2063493,2685682
2063495,113249
2063500,110545
2063501,110553
2063507,112056
2063508,108031
2063509,115269
2063520,107654
2063534,950302
2063543,108765
2063551,949326
2063565,1089657
2063589,949278
2063595,108762
2063596,949283
2063600,112411
2063604,950192
2063605,949287
2063609,1148193
2063636,949055
2063672,949104
2063674,106475
2063676,949104
2063678,949104
2063681,114129
2063691,108621
2063700,951333
2063704,113185
2063708,112691
2063709,951089
2063710,949104
2063715,949063
2063716,113483
2063724,109445
2063732,949143
2063737,950160
2063745,1884117
2063748,113599
2063778,2683947
2063786,112674
2063789,107001
2063802,113479
2063815,108032
2063817,108860
2063823,109877
2063839,114884
2063849,108631
2063850,111659
2063851,111096
2063860,2683891
2063875,114546
2063902,114822
2063930,114969
2063931,1095165
2063932,108260
2063934,950981
2063970,110387
2063971,114099
2063974,110387
2063981,111101
2064014,1884081
2064020,2685429
2064026,113185
2064086,115578
2064087,108213
2064093,1100480
2064094,113351
2064096,113611
2064097,1722548
2064100,108402
2064102,107432
2064103,107382
2064105,110451
2064107,113962
2064112,114012
2064113,114287
2064119,114369
2064121,948922
2064155,1094248
2064160,2685565
2064209,1170897
2064210,115169
2064224,110119
2064236,950693
2064237,113765
2064245,949666
2064248,949392
2064257,112262
2064278,114107
2064293,950673
2064300,951087
2064305,112164
2064307,112162
2064330,112161
2064348,1091300
2064352,1091289
2064354,107490
2064365,114163
2064404,106086
2064408,1089141
2064439,109820
2064493,114001
2064499,114541
2064505,107872
2064517,112434
2064523,112432
2064570,113751
2064609,950500
2064617,113096
2064633,2685637
2064660,110812
2064662,110670
2064676,950467
2064678,950469
2064683,949191
2064684,949265
2064694,2043422
2064696,112146
2064698,2043420
2064717,110918
2064722,111135
2064725,109789
2064726,106585
2064731,950911
2064747,950453
2064753,951491
2064859,949057
2064875,1088645
2064886,949132
2064908,115581
2064922,114033
2064950,107150
2064957,1088597
2064960,109522
2064968,108842
2065004,1953551
2065015,951655
2065019,99325
2065021,949408
2065024,99813
2065046,105270
2065051,98211
2065053,104358
2065069,88904
2065082,89141
2065085,956632
2065101,953331
2065110,96792
2065113,952247
2065116,953432
2065120,97004
2065126,103159
2065127,105697
2065131,102975
2065137,101765
2065172,98494
2065173,1722452
2065176,1091741
2065181,93546
2065182,95107
2065186,95415
2065188,93522
2065190,93629
2065191,95105
2065192,94050
2065199,95569
2065200,94043
2065201,95963
2065212,104787
2065222,94600
2065229,95121
2065270,94325
2065273,1090839
2065290,87826
2065305,93731
2065306,93779
2065313,88759
2065327,96633
2065343,89087
2065355,88616
2065363,958425
2065373,101225
2065376,1910625
2065385,95844
2065386,103100
2065390,99282
2065392,100430
2065396,952036
2065398,952238
2065403,953062
2065404,958194
2065405,958603
2065408,1091998
2065410,1090742
2065411,104574
2065415,2683757
2065424,953167
2065425,1089630
2065427,953829
2065428,953274
2065431,105374
2065444,97862
2065447,1952576
2065454,110080
2065455,92498
2065456,1094786
2065463,102360
2065470,92621
2065471,101885
2065473,91721
2065492,100785
2065494,95777
2065497,2024948
2065503,100713
2065526,91772
2065545,92771
2065554,98677
2065556,102049
2065558,91740
2065559,102013
2065565,98845
2065571,954679
2065574,95777
2065575,98460
2065581,92622
2065586,91721
2065588,1952590
2065590,102343
2065591,100716
2065593,1952589
2065596,100713
2065598,2130404
2065600,102364
2065601,92932
2065606,88214
2065615,951974
2065637,98956
2065662,98350
2065663,99269
2065677,99332
2065698,1087366
2065700,1087092
2065705,2012601
2065714,2043399
2065715,104932
2065717,1087418
2065730,1872714
2065732,2136688
2065733,1087163
2065734,1084594
2065737,1084687
2065747,96889
2065771,95864
2065772,98048
2065773,953371
2065777,95697
2065781,98045
2065783,952725
2065788,102439
2065791,953525
2065802,103222
2065807,2047739
2065810,103385
2065818,952090
2065821,1852807
2065824,98534
2065828,2042915
2065832,102156
2065867,958569
2065871,106009
2065876,958209
2065879,104822
2065880,1088176
2065890,104285
2065904,96936
2065905,103966
2065907,95822
2065914,2029581
2065920,1090068
2065926,1882662
2065927,1883977
2065930,104720
2065933,103299
2065936,953473
2065944,101039
2065945,1884062
2065949,1891174
2065951,2025345
2065957,102521
2065960,2143985
2065964,92688
2065965,2683935
2065970,96055
2065973,97930
2065978,2683765
2065982,93176
2065986,98375
2065996,92190
2066001,953333
2066016,93046
2066023,105425
2066038,2682508
2066057,957278
2066064,106043
2066079,949197
2066097,93245
2066111,2157023
2066116,91734
2066120,2047732
2066124,954898
2066130,87866
2066132,952834
2066139,101561
2066146,954903
2066152,952836
2066157,92505
2066169,104959
2066172,104965
2066181,1087500
2066188,93301
2066195,1088165
2066199,94494
2066219,92942
2066224,954170
2066228,2024957
2066229,92174
2066230,1867861
2066233,94734
2066234,95071
2066236,1726375
2066238,101688
2066255,87516
2066260,94083
2066266,98459
2066279,104986
2066280,96474
2066285,105548
2066290,101016
2066293,98092
2066299,2685885
2066301,104094
2066318,97514
2066326,95737
2066357,102679
2066373,96599
2066379,102679
2066387,98104
2066395,2682662
2066396,1086250
2066403,99268
2066422,1084151
2066438,99477
2066439,103825
2066456,955217
2066457,2008260
2066469,100732
2066472,91672
2066507,1091065
2066514,91485
2066515,91582
2066516,1089320
2066539,95152
2066547,955203
2066557,96598
2066565,104006
2066577,96474
2066586,103839
2066589,99430
2066590,97891
2066594,952403
2066603,952403
2066608,1091032
2066625,1892971
2066670,95225
2066678,1088963
2066680,95253
2066682,92697
2066684,97289
2066882,94920
2066884,94048
2066927,1089332
2066940,1089332
2066945,91612
2066953,1089331
2066956,1083175
2066967,91600
2066983,955201
2066995,1083174
2067029,955170
2067036,91515
2067113,2017813
2067116,100643
2067127,98791
2067131,948037
2067133,948041
2067143,91699
2067165,91936
2067167,93174
2067179,104782
2067187,99553
2067196,100954
2067198,96852
2067199,91945
2067230,94923
2067257,100848
2067263,98576
2067275,103912
2067283,101515
2067291,953363
2067293,95704
2067294,100954
2067295,101456
2067297,104078
2067300,105382
2067301,1084145
2067313,953254
2067315,104679
2067328,104524
2067329,103576
2067397,99321
2067404,102995
2067410,96209
2067435,952799
2067444,100729
2067489,97053
2067492,101810
2067498,96842
2067507,1086568
2067511,1086569
2067512,103874
2067515,93535
2067520,95411
2067521,954304
2067522,101926
2067527,103735
2067532,100849
2067555,105931
2067558,98794
2067560,953117
2067591,98776
2067592,98126
2067594,103735
2067607,102668
2067609,96987
2067613,102779
2067616,96116
2067628,101154
2067635,1091043
2067647,956340
2067657,99415
2067658,104436
2067663,101104
2067667,104839
2067673,103545
2067674,97004
2067683,104524
2067698,103735
2067720,102526
2067723,952380
2067724,102518
2067729,102174
2067742,104822
2067746,105616
2067754,1084059
2067757,102571
2067758,96360
2067762,97004
2067764,99275
2067765,100363
2067766,953570
2067771,101782
2067776,99240
2067777,99276
2067780,101778
2067781,105100
2067788,99691
2067790,100710
2067791,96116
2067792,96642
2067793,953325
2067812,104645
2067821,104664
2067854,96553
2067865,953242
2067867,101715
2067871,2011600
2067875,102235
2067879,101139
2067881,95744
2067891,93311
2067899,952643
2067905,100863
2067911,95477
2067919,95346
2067951,100405
2067955,104543
2067956,96560
2067958,103131
2067961,98873
2067963,1084131
2067964,105521
2067989,103072
2068027,96260
2068036,97244
2068038,104844
2068050,96968
2068080,105669
2068103,1867861
2068114,94472
2068136,93971
2068142,93433
2068148,93164
2068151,92326
2068166,1884168
2068168,92918
2068177,1163173
2068180,1163174
2068185,92423
2068191,1088479
2068198,954014
2068202,98980
2068210,102971
2068213,1086659
2068228,1162328
2068239,1162331
2068242,108328
2068245,2034428
2068264,106000
2068266,102156
2068280,101909
2068299,2157018
2068306,101451
2068311,98092
2068312,958605
2068316,98256
2068320,98092
2068328,94992
2068329,95007
2068331,93478
2068346,95484
2068363,92364
2068383,97305
2068385,101015
2068423,94572
2068434,103659
2068439,93000
2068442,101776
2068497,98041
2068504,99956
2068552,106043
2068558,97793
2068559,93260
2068565,93750
2068569,101968
2068571,96638
2068574,94189
2068581,954282
2068584,96982
2068605,93852
2068606,1090399
2068607,93946
2068624,94994
2068625,954032
2068634,98716
2068636,954841
2068644,1088981
2068646,1145525
2068648,955051
2068650,92385
2068659,95343
2068670,94776
2068671,92209
2068674,104860
2068678,954533
2068697,93086
2068699,954528
2068700,2011567
2068701,92078
2068703,92540
2068707,92465
2068708,93415
2068710,93051
2068735,100027
2068737,104957
2068743,98620
2068746,92361
2068749,93257
2068750,95285
2068752,92534
2068753,94735
2068757,953320
2068758,93089
2068769,89100
2068777,105381
2068783,97985
2068790,98438
2068794,96479
2068798,2682558
2068802,2682557
2068807,952480
2068809,1726452
2068817,100931
2068824,96157
2068825,96394
2068827,103808
2068828,105211
2068838,951769
2068862,1163128
2068870,105391
2068871,97433
2068875,102455
2068876,2129899
2068878,104228
2068881,103535
2068882,97655
2068893,94805
2068900,93493
2068901,93676
2068905,100524
2068911,1089605
2068913,103785
2068923,100408
2068943,101468
2068950,94926
2068961,954125
2068962,97331
2068965,87616
2068973,103276
2068978,92052
2068986,954906
2068989,954914
2068990,92533
2068997,93078
2069003,955012
2069010,92704
2069011,88233
2069019,95223
2069020,2027755
2069052,97585
2069067,953215
2069076,96126
2069091,102149
2069124,96085
2069130,953091
2069135,110919
2069151,102124
2069160,955233
2069161,102484
2069162,102451
2069170,951891
2069171,1089316
2069179,92821
2069183,93103
2069191,93105
2069192,93228
2069194,93597
2069206,103833
2069207,102528
2069210,105737
2069229,98495
2069255,2045631
2069264,1162331
2069269,97632
2069274,103502
2069294,105605
2069298,952972
2069304,101855
2069309,104757
2069316,96110
2069329,100377
2069338,101881
2069341,1091840
2069346,104471
2069354,99076
2069358,88146
2069368,102019
2069380,104638
2069382,105928
2069386,96216
2069396,91783
2069409,102324
2069411,97817
2069420,88072
2069425,953861
2069429,956429
2069433,105963
2069435,1089334
2069437,93692
2069442,102339
2069488,98410
2069512,2029248
2069513,2143986
2069520,952126
2069525,2030594
2069530,2048701
2069538,98600
2069545,98410
2069548,953135
2069549,1953517
2069558,2008642
2069560,2157097
2069561,1952569
2069572,99416
2069591,1703516
2069622,104787
2069632,1145521
2069633,1087581
2069643,953489
2069652,2034256
2069655,1145520
2069667,951737
2069670,2682595
2069676,951737
2069681,2685843
2069685,97595
2069692,99426
2069703,87984
2069707,87871
2069711,1084199
2069761,954023
2069769,101842
2069782,96417
2069830,91701
2069834,103527
2069845,92816
2069898,103422
2069913,98431
2069949,111664
2069963,98096
2069982,102901
2069992,1086853
2069999,953894
2070013,104389
2070024,99020
2070051,99386
2070057,104389
2070062,104770
2070069,953893
2070072,103070
2070073,953527
2070086,94751
2070088,954200
2070090,954125
2070097,954202
2070102,954348
2070104,1864023
2070107,1864024
2070110,954145
2070114,2028210
2070119,1864022
2070138,95234
2070148,95249
2070167,94502
2070176,93387
2070177,953963
2070179,94624
2070181,94628
2070183,93603
2070189,93316
2070200,94334
2070233,94563
2070239,95125
2070241,93314
2070243,93321
2070247,94967
2070248,1953511
2070260,95337
2070261,1703514
2070265,2011596
2070266,95330
2070270,94129
2070275,94040
2070278,93586
2070280,94042
2070282,954436
2070290,1087827
2070305,1088194
2070308,1086719
2070310,92345
2070311,91848
2070313,92084
2070316,91953
2070317,91792
2070319,954951
2070323,91740
2070328,92347
2070330,92538
2070332,91883
2070334,91698
2070350,2685984
2070352,93022
2070353,92134
2070358,1087549
2070361,954931
2070373,91725
2070374,1703249
2070376,91939
2070385,106445
2070399,958126
2070400,98325
2070407,104321
2070473,91963
2070475,954692
2070476,93084
2070500,113862
2070511,111594
2070525,958603
2070542,1892295
2070556,950124
2070570,102289
2070571,1091998
2070573,96768
2070594,98641
2070618,100703
2070621,112042
2070630,101566
2070651,99111
2070652,953853
2070659,96305
2070661,2683666
2070662,2683631
2070676,2683927
2070683,2683978
2070688,954632
2070691,98389
2070692,92827
2070694,1091087
2070700,95593
2070702,92788
2070703,954720
2070717,1091088
2070720,102946
2070722,99796
2070726,103334
2070760,952498
2070766,92836
2070789,952411
2070791,1089978
2070800,952625
2070823,958500
2070824,958153
2070829,2683839
2070830,958496
2070871,95766
2070874,958501
2070878,955011
2070884,954868
2070887,92435
2070888,954850
2070893,104946
2070933,1703643
2070948,97636
2070951,98561
2071004,102809
2071018,96848
2071025,1087813
2071042,105457
2071062,101718
2071079,1703225
2071081,951772
2071084,102836
2071086,101279
2071089,958115
2071113,97048
2071122,951862
2071132,98475
2071133,1087811
2071136,102678
2071137,2683906
2071145,951886
2071148,100389
2071202,1884007
2071205,958523
2071206,951886
2071238,954924
2071242,103120
2071243,95913
2071263,2682159
2071281,96989
2071283,100954
2071295,96999
2071297,97025
2071301,96957
2071310,100862
2071317,1088180
2071327,2037282
2071330,96157
2071336,953657
2071343,99511
2071344,953819
2071360,953092
2071370,102353
2071371,953953
2071373,951755
2071376,95434
2071387,1087580
2071405,95441
2071406,95508
2071410,96313
2071411,98044
2071412,95445
2071419,95477
2071421,95441
2071425,98649
2071432,1891164
2071433,2682175
2071434,100534
2071459,95570
2071462,1083176
2071481,1170889
2071489,103290
2071492,953312
2071493,1952580
2071495,101888
2071500,99954
2071501,99049
2071504,953606
2071509,2685844
2071512,1170890
2071514,102589
2071522,99447
2071529,1090771
2071535,1090769
2071538,1090770
2071545,952374
2071552,1952592
2071556,97323
2071557,1953950
2071559,97322
2071563,1953951
2071572,104497
2071577,95553
2071594,100954
2071597,98909
2071600,98650
2071611,101939
2071625,100894
2071634,103615
2071648,1091022
2071697,953202
2071699,952615
2071713,104593
2071717,105469
2071730,105824
2071748,953245
2071847,953937
2071871,105262
2071874,101720
2071876,104916
2071912,103992
2071915,96899
2071916,105401
2071922,2031060
2071929,97220
2071934,103307
2071948,101899
2071950,104852
2071953,99508
2071960,1086573
2071975,102501
2071999,105846
2072002,2029579
2072007,953322
2072032,98043
2072044,105421
2072045,97348
2072048,97003
2072050,105302
2072051,103113
2072054,104277
2072071,105007
2072073,951890
2072074,953533
2072075,96805
2072097,2021660
2072100,108405
2072138,1091211
2072160,948796
2072163,110253
2072166,950461
2072190,115286
2072271,949271
2072276,2048711
2072289,108859
2072297,953343
2072299,952100
2072303,101998
2072312,113580
2072339,1884124
2072370,111085
2072372,107863
2072413,1089707
2072431,110479
2072446,957969
2072448,1084309
2072474,948373
2072486,950934
2072488,110997
2072492,113580
2072506,2684868
2072511,950752
2072582,104555
2072734,115182
2072746,1884129
2072773,112120
2072782,108179
2072784,950966
2072787,108568
2072789,114603
2072799,108558
2072803,115638
2072810,109779
2072829,107097
2072837,107831
2072852,115182
2072866,107658
2072872,110762
2072880,109783
2072882,110692
2072884,110443
2072906,106071
2072931,109783
2072946,106455
2072961,2015019
2072969,108116
2072979,113544
2072988,948759
2072992,949714
2072994,115163
2073014,107359
2073017,114608
2073021,948753
2073195,101226
2073240,99345
2073259,97629
2073262,97631
2073264,98623
2073266,97312
2073272,100489
2073309,102485
2073310,952533
2073312,96439
2073318,99605
2073331,103569
2073334,99634
2073341,104286
2073345,96486
2073364,103010
2073367,96284
2073371,104726
2073411,948951
2073554,108016
2073632,106609
2073667,951241
2073670,948989
2073884,108095
2073904,949359
2073964,106511
2073971,1166340
2073989,949613
2074000,115414
2074027,2685684
2074065,115317
2074076,112865
2074105,110830
2074133,2147683
2074151,113437
2074152,113524
2074156,949106
2074182,1884140
2074183,106288
2074186,113599
2074208,2157088
2074214,113955
2074218,110072
2074219,111633
2074221,108798
2074227,2683826
2074228,2683826
2074229,109547
2074230,949303
2074250,108808
2074258,950952
2074260,113955
2074263,109723
2074264,109466
2074271,112533
2074276,108577
2074280,950959
2074286,107605
2074307,106267
2074322,948262
2074336,1091132
2074338,950478
2074340,949555
2074359,1864043
2074360,1895157
2074407,107478
2074468,951168
2074471,948303
2074475,951491
2074503,115094
2074505,113449
2074531,114348
2074538,115062
2074539,2034550
2074548,95765
2074551,96268
2074553,89052
2074567,2685838
2074572,949177
2074574,110154
2074577,952251
2074578,952251
2074584,1089630
2074600,953148
2074646,98046
2074652,1083207
2074655,1089439
2074656,1089430
2074666,101930
2074669,1089593
2074670,96006
2074678,953034
2074706,101524
2074708,952318
2074713,1086029
2074724,1703389
2074733,98826
2074757,1090307
2074763,99686
2074765,105252
2074794,103270
2074796,1722460
2074801,1086659
2074839,105083
2074852,96465
2074854,101879
2074862,2038150
2074885,1085971
2074886,96398
2074888,96332
2074889,105997
2074918,958517
2074923,101022
2074926,100943
2074932,102594
2074933,105707
2074937,96035
2074951,101376
2074987,104719
2074991,102916
2074998,98196
2075004,1090923
2075037,1083433
2075038,95424
2075040,102128
2075041,93336
2075046,101631
2075055,2133785
2075056,1084078
2075057,1085979
2075060,104107
2075064,103371
2075072,98043
2075076,97329
2075077,952437
2075078,102371
2075095,113113
2075097,108256
2075098,108413
2075099,108431
2075106,1090093
2075107,108405
2075133,1089555
2075144,109342
2075148,1092070
2075160,107101
2075165,102528
2075203,950891
2075229,951506
2075232,112278
2075234,111104
2075634,2047438
2075670,97212
2075676,98018
2075711,102867
2075741,104286
2075787,100597
2075790,98622
2075795,98637
2075826,113748
2075843,109824
2075992,114314
2076009,109357
2076011,109357
2076019,106367
2076149,111774
2076151,107052
2076153,2685435
2076155,2685435
2076180,949314
2076187,2685081
2076191,115677
2076192,2685525
2076196,112194
2076214,114339
2076227,949101
2076229,949712
2076234,115247
2076242,1090264
2076275,111659
2076277,111659
2076283,114546
2076312,109494
2076336,108829
2076337,114888
2076359,2683735
2076361,2685437
2076362,2685564
2076383,1091291
2076391,950573
2076409,106086
2076410,950303
2076411,949191
2076423,114348
2076425,110926
2076466,949276
2076470,1088558
2076472,109059
2076485,1088555
2076496,106639
2076517,949156
2076528,113517
2076533,114198
2076538,106638
2076539,111128
2076563,949265
2076565,115581
2076568,113728
2076573,109086
2076600,2682363
2076604,111998
2076646,111230
2076655,100927
2076661,952212
2076662,103804
2076666,103762
2076687,95237
2076736,100829
2076750,101179
2076754,956220
2076770,2027766
2076773,958158
2076780,113719
2076808,103317
2076824,105148
2076827,2683842
2076832,1890176
2076836,952708
2076869,92271
2076891,1092034
2076895,1087149
2076913,2029807
2076918,1087099
2076925,2028444
2076926,1087302
2076934,1087111
2076936,2015007
2076948,1084471
2076955,2683920
2076975,2684667
2076977,95867
2076978,2143976
2077002,93596
2077008,100990
2077012,102652
2077014,103174
2077015,101313
2077016,953728
2077019,98233
2077021,103174
2077023,103310
2077028,1091531
2077037,953959
2077047,93727
2077107,91345
2077120,1083210
2077126,2684666
2077129,95339
2077131,94464
2077139,91854
2077144,2044191
2077147,2684483
2077156,100289
2077159,96888
2077161,96824
2077174,1088170
2077176,95000
2077177,1086664
2077185,101307
2077189,92997
2077193,1146381
2077205,93696
2077208,1094217
2077210,1094956
2077257,92355
2077260,101861
2077265,106101
2077306,92792
2077309,88216
2077312,1163194
2077330,105359
2077331,2021658
2077335,99691
2077350,1087707
2077351,101772
2077371,954688
2077373,2015955
2077380,1090235
2077381,954635
2077382,2157097
2077383,2029248
2077386,98826
2077393,95537
2077407,95055
2077410,93813
2077423,87871
2077437,1087128
2077443,1084711
2077452,1087285
2077453,1087203
2077472,99674
2077496,97071
2077510,114518
2077528,97495
2077533,98252
2077555,953177
2077571,1084583
2077615,1090303
2077634,96933
2077643,100899
2077646,1726440
2077666,101841
2077675,2014973
2077683,1087367
2077689,1086930
2077693,1087056
2077700,953586
2077701,1086900
2077702,958137
2077719,96694
2077732,2014987
2077734,1087093
2077744,1085978
2077747,954644
2077748,1085978
2077757,954605
2077759,954644
2077768,2683921
2077775,93557
2077786,96582
2077790,97640
2077795,1883971
2077796,953530
2077799,105865
2077807,104123
2077808,1086847
2077809,105019
2077811,1884030
2077815,1884031
2077823,1090651
2077829,95093
2077830,94750
2077831,93722
2077841,94024
2077843,2035757
2077855,94498
2077869,1884029
2077886,1170884
2077887,92439
2077889,954678
2077891,954708
2077893,93024
2077896,954816
2077905,101159
2077944,103328
2078002,1719981
2078008,96041
2078013,1703236
2078019,97780
2078025,102183
2078028,1894590
2078040,1091810
2078041,952228
2078063,101304
2078084,954496
2078088,952481
2078090,105076
2078112,2685831
2078149,95460
2078168,105823
2078182,2029580
2078185,102616
2078194,952740
2078196,104510
2078199,115042
2078279,951179
2078297,114176
2078300,113716
2078303,113698
2078305,111202
2078312,1090970
2078391,948758
2078396,115632
2078491,103879
2078492,103879
2078579,99295
2078609,98783
2078610,98783
2078659,1083345
2078765,1083250
2078767,1083250
2078840,97888
2078877,100258
2078902,101654
2078908,98851
2078912,98623
2078953,104185
2079254,952348
2079282,101342
2079285,100450
2079289,100450
2079291,1170888
2079293,100458
2079332,102697
2079351,97312
2079385,104181
2079418,100317
2079428,1083287
2079433,103702
2079445,99855
2079648,109509
2079722,108038
2079755,111758
2079788,2683947
2079791,109547
2079793,109620
2079815,2683653
2079848,108389
2079858,951274
2079861,106169
2079863,1088560
2079878,107160
2079896,114631
2079905,950529
2079907,113606
2079908,950529
2079909,950766
2079932,113176
2079933,107399
2079935,950344
2079942,950960
2079995,106921
2080008,112986
2080009,949244
2080019,950548
2080020,949236
2080032,112896
2080033,112896
2080038,108212
2080045,108929
2080054,112316
2080061,112896
2080062,112426
2080074,112859
2080104,108929
2080107,949235
2080121,948481
2080148,109078
2080153,949276
2080158,949265
2080166,949265
2080177,949276
2080178,949276
2080188,114125
2080197,1090498
2080198,949276
2080213,949276
2080221,112686
2080225,106042
2080231,949265
2080237,949276
2080240,949265
2080241,106070
2080256,949265
2080261,2038571
2080263,111058
2080288,1088613
2080325,108571
2080353,114864
2080359,114125
2080361,114125
2080387,948303
2080389,109725
2080454,1088659
2080584,107187
2080610,112896
2080629,115062
2080635,114783
2080636,108398
2080637,112746
2080681,952532
2080684,1084795
2080694,956482
2080697,88188
2080716,111745
2080719,2156675
2080742,952872
2080756,1089583
2080765,87880
2080794,1086494
2080815,102210
2080821,101623
2080833,97459
2080847,103299
2080848,103772
2080881,93004
2080885,103925
2080886,97459
2080900,92470
2080912,954869
2080916,1088173
2080927,92630
2080929,1864960
2080956,100079
2080962,100805
2080965,100804
2080979,1084160
2081001,955783
2081075,955410
2081165,89450
2081166,90833
2081177,89627
2081215,1091855
2081216,955262
2081263,90411
2081266,89386
2081303,2045363
2081350,954037
2081373,105042
2081384,96530
2081403,102276
2081405,2137889
2081414,97738
2081421,1084637
2081443,1087149
2081445,953080
2081448,99697
2081478,952260
2081479,2038575
2081504,1090515
2081556,96313
2081564,104203
2081568,101955
2081572,96213
2081582,1087793
2081691,103089
2081693,1090416
2081712,953586
2081719,98020
2081738,1091534
2081741,104103
2081748,102450
2081756,952557
2081786,98082
2081844,103828
2081873,101797
2081875,98187
2081884,95424
2081903,104756
2081930,101746
2081933,1084114
2081947,104947
2081952,1084078
2081958,98787
2081970,104864
2081975,104864
2081978,1086187
2081985,94938
2081992,95512
2081996,1092031
2082002,93719
2082009,98082
2082025,96776
2082043,94083
2082054,97021
2082058,94458
2082071,1086720
2082100,91767
2082104,2157482
2082105,92284
2082123,103444
2082130,103527
2082132,97848
2082143,954016
2082145,948952
2082149,92282
2082150,99560
2082151,101952
2082160,951836
2082162,953714
2082166,1090346
2082168,97671
2082174,952525
2082176,105142
2082184,1100246
2082187,2027763
2082189,100289
2082200,2028450
2082202,102859
2082208,104040
2082211,103013
2082212,952815
2082217,100093
2082222,97686
2082223,91724
2082231,94867
2082248,95429
2082253,105727
2082304,91665
2082308,91291
2082309,91447
2082311,89257
2082318,89688
2082323,89641
2082340,94998
2082362,105530
2082392,93367
2082394,91226
2082395,92427
2082414,89899
2082415,90483
2082418,89192
2082424,91172
2082430,91077
2082440,955661
2082441,89498
2082459,97767
2082500,103315
2082508,101584
2082516,102037
2082521,95048
2082537,90702
2082577,104573
2082581,88569
2082586,1086281
2082593,90636
2082597,1088179
2082599,98917
2082601,90625
2082609,91971
2082617,92676
2082624,101271
2082628,93278
2082646,103623
2082660,97627
2082664,96997
2082669,950266
2082673,113979
2082680,89337
2082687,90967
2082692,101443
2082709,93391
2082718,93876
2082721,90742
2082723,91031
2082737,98303
2082738,1086848
2082740,104522
2082747,90105
2082748,951792
2082769,99694
2082773,96273
2082781,99680
2082782,958549
2082789,97768
2082794,1087074
2082811,94698
2082814,1091088
2082832,91737
2082833,103880
2082835,101845
2082850,955058
2082851,1086590
2082852,954936
2082878,103674
2082893,948500
2082895,93214
2082952,101973
2082955,100289
2082965,103216
2082991,95561
2083033,1722465
2083059,2682225
2083170,953185
2083177,96011
2083182,951841
2083185,98467
2083189,104501
2083199,97319
2083208,98472
2083218,93876
2083243,103622
2083250,104938
2083257,98446
2083270,952481
2083299,98306
2083324,95451
2083330,952086
2083347,96187
2083366,95434
2083400,102367
2083401,1084136
2083410,105529
2083412,101050
2083414,105529
2083446,99215
2083472,104054
2083473,95540
2083513,951691
2083523,100576
2083525,1874500
2083544,2144431
2083550,97925
2083571,98787
2083579,95461
2083586,102434
2083595,95860
2083597,1894585
2083654,95441
2083659,91748
2083682,102393
2083689,96378
2083696,95691
2083698,104685
2083703,104380
2083723,2048709
2083725,108137
2083726,115450
2083727,111526
2083746,950773
2083773,108380
2083793,1090159
2083835,108983
2083890,109305
2083908,109036
2083913,109029
2083942,113258
2083943,948682
2083951,950514
2083965,1094231
2083969,1094231
2083971,1094231
2083972,108780
2083974,2017824
2083976,1884147
2083981,113463
2083995,111239
2084004,1090213
2084007,115197
2084008,1852816
2084019,1090080
2084021,1892294
2084032,106159
2084036,950564
2084040,114568
2084049,949261
2084056,950564
2084078,109261
2084088,115342
2084098,114032
2084104,957992
2084109,106205
2084113,106530
2084116,113631
2084126,1091120
2084127,115406
2084137,109633
2084140,957994
2084662,2683979
2084711,113774
2084713,109919
2084740,948560
2084754,112350
2084758,113774
2084765,113991
2084786,110588
2084788,1852816
2084790,114754
2084791,950413
2084793,115645
2084810,1865648
2084816,106248
2084817,108256
2084818,1090098
2084821,109441
2084827,2684847
2084829,950873
2084833,950908
2084834,113888
2084840,115602
2084841,113790
2084854,113665
2084870,952163
2084882,99630
2084896,96149
2084899,102877
2084917,952116
2084919,96528
2084939,105177
2084941,96816
2084942,105354
2084950,99344
2084952,100032
2085023,949208
2085026,115342
2085033,948992
2085055,115618
2085208,114437
2085227,114142
2085233,109400
2085235,2684718
2085340,107400
2085350,112606
2085366,114586
2085376,1870836
2085379,114373
2085391,107924
2085395,109500
2085421,114075
2085424,113309
2085444,108215
2085453,115259
2085464,108214
2085489,114167
2085505,115448
2085511,115578
2085520,1089943
2085523,110452
2085538,949568
2085539,110652
2085541,949587
2085552,112000
2085559,949632
2085564,106994
2085573,112003
2085650,948643
2085657,951333
2085662,115422
2085670,112874
2085675,112874
2085680,951333
2085691,112874
2085698,106475
2085709,115525
2085726,949104
2085728,1090322
2085734,112744
2085742,113322
2085748,948983
2085761,948983
2085768,112874
2085787,107280
2085794,1091407
2085838,113097
2085852,112604
2085868,114420
2085892,112870
2085900,112264
2085908,114144
2085914,110534
2085923,110543
2085924,115158
2085926,112263
2085927,115351
2085931,112589
2085940,115308
2085942,112246
2085943,950694
2085945,111589
2085947,109597
2085952,107291
2085953,115415
2085954,111514
2085960,109597
2085965,107335
2085971,114113
2085974,112246
2085975,2685496
2085976,114769
2086002,950514
2086034,107841
2086060,2682383
2086067,950296
2086083,115087
2086090,109443
2086092,107924
2086095,108214
2086102,112616
2086113,106686
2086119,950127
2086127,108074
2086130,109446
2086139,951244
2086144,108074
2086145,114075
2086146,107490
2086147,115259
2086148,114202
2086154,108216
2086159,950583
2086161,114320
2086166,950498
2086167,108214
2086179,115119
2086187,114678
2086256,112201
2086257,107139
2086261,111280
2086263,111280
2086295,948278
2086307,1722547
2086311,111447
2086312,113990
2086313,108205
2086383,114807
2086396,2683762
2086425,106505
2086483,108263
2086515,1091269
2086572,2028222
2086591,115062
2086614,948481
2086616,107248
2086617,112919
2086618,112919
2086624,959548
2086629,959548
2086636,106052
2086639,110812
2086652,115062
2086698,98857
2086709,93796
2086724,93632
2086733,106136
2086734,111086
2086787,1085919
2086788,94270
2086799,1084074
2086872,956482
2086881,115862
2086891,1084657
2086907,111086
2086908,101548
2086911,101549
2086925,96144
2086934,957319
2086939,89152
2086945,88906
2086949,88894
2086958,954923
2086979,89092
2087000,101535
2087020,2684158
2087028,955312
2087035,90655
2087037,2684207
2087040,90822
2087056,92893
2087059,1091439
2087062,97124
2087065,96472
2087073,101003
2087078,1086580
2087092,103619
2087105,92903
2087118,104255
2087128,97416
2087129,953333
2087254,92663
2087325,952207
2087326,97768
2087335,2038577
2087340,98153
2087391,100307
2087404,1084686
2087409,1084702
2087421,952980
2087422,1084605
2087430,88652
2087431,87716
2087446,93185
2087473,954893
2087485,954991
2087503,106155
2087568,956577
2087578,97056
2087587,95178
2087591,92259
2087605,100555
2087608,95811
2087617,98402
2087623,952080
2087628,97219
2087636,98797
2087639,95811
2087642,98402
2087646,100561
2087649,98035
2087651,105191
2087655,98801
2087681,953707
2087695,953961
2087696,97822
2087714,1090878
2087715,951839
2087726,103537
2087730,1090876
2087733,97846
2087739,97847
2087741,1087777
2087747,102405
2087751,1090348
2087753,101943
2087757,103330
2087759,2043595
2087976,1883984
2087982,89560
2088021,90485
2088073,955463
2088083,90566
2088177,89611
2088196,1090704
2088242,958343
2088266,90760
2088310,90731
2088339,2684416
2088357,90585
2088365,90692
2088366,90767
2088367,91021
2088370,2684305
2088389,955519
2088397,2684306
2088406,95133
2088423,93452
2088424,101983
2088432,954483
2088436,94933
2088439,1088961
2088440,1088962
2088442,94024
2088458,954946
2088476,95663
2088494,101624
2088497,95441
2088501,1094944
2088502,1870827
2088512,95950
2088523,94971
2088525,88387
2088544,99497
2088552,104125
2088563,103899
2088565,103894
2088571,100698
2088572,102450
2088597,104897
2088613,105257
2088649,95430
2088655,99124
2088658,95794
2088660,1092046
2088664,103951
2088680,103929
2088691,104078
2088705,95516
2088720,95832
2088730,100371
2088734,89289
2088742,102397
2088743,96075
2088750,104133
2088777,103640
2088778,97011
2088789,103689
2088800,87886
2088803,1091946
2088881,98326
2088904,105614
2088913,102082
2088915,2019979
2088928,951680
2088932,954897
2088941,104754
2088957,1086779
2088963,102507
2088965,103985
2088970,103985
2088991,93452
2088996,93630
2089001,94198
2089068,88800
2089085,100177
2089111,92218
2089112,104975
2089115,104398
2089122,104975
2089124,952589
2089126,105929
2089133,93000
2089136,93000
2089156,100565
2089163,1088860
2089174,100946
2089181,96151
2089209,95895
2089262,1083484
2089283,956403
2089292,88059
2089328,87811
2089339,1089991
2089378,1087404
2089381,99697
2089386,99962
2089397,100307
2089399,96786
2089400,100949
2089402,100565
2089425,1883970
2089426,96539
2089429,1883970
2089432,97165
2089476,113272
2089494,92892
2089496,2682514
2089576,104390
2089585,105665
2089618,1090580
2089621,948461
2089623,1094946
2089624,1090574
2089625,1090578
2089626,948462
2089631,1094946
2089639,105620
2089645,98131
2089677,1085163
2089681,1085162
2089682,957298
2089687,958590
2089690,97198
2089697,104387
2089703,103927
2089724,102025
2089735,104541
2089742,97346
2089746,103543
2089769,954699
2089783,105790
2089794,95778
2089801,98665
2089803,954632
2089824,1091096
2089850,1089483
2089868,1089531
2089876,1089528
2089919,92792
2089929,1090473
2089945,100563
2089992,2008103
2090001,96848
2090013,96896
2090035,103689
2090039,1091932
2090042,95556
2090076,97224
2090082,102503
2090119,115562
2090130,102527
2090132,99215
2090140,95447
2090158,104537
2090160,104497
2090164,98177
2090166,95484
2090169,1091038
2090180,101939
2090189,95539
2090209,98533
2090226,2011570
2090230,95369
2090231,2030609
2090249,93954
2090257,1866380
2090307,101490
2090315,87606
2090349,104368
2090350,107334
2090386,95477
2090400,95440
2090405,98038
2090409,106008
2090415,100921
2090467,111102
2090470,109881
2090473,109883
2090474,109306
2090478,106095
2090484,109592
2090502,106225
2090506,104040
2090621,110852
2090623,1892294
2090683,100041
2090922,100416
2090991,101654
2091005,100251
2091026,100280
2091027,100267
2091043,98563
2091054,952752
2091060,100317
2091281,113388
2091294,113330
2091298,109884
2091360,113743
2091486,108034
2091489,107177
2091490,1090262
2091498,1090269
2091501,112263
2091509,111299
2091512,109501
2091515,109501
2091522,106310
2091532,109316
2091581,114789
2091590,115077
2091607,950651
2091609,950651
2091620,113640
2091636,112923
2091641,948833
2091648,950766
2091684,112602
2091691,110386
2091692,950469
2091749,114541
2091760,106496
2091789,949961
2091815,950710
2091816,107872
2091829,950548
2091840,949961
2091891,108411
2091920,112432
2091949,107818
2092044,1088554
2092048,951088
2092049,951117
2092052,1882693
2092056,951088
2092058,951117
2092059,951086
2092098,112146
2092105,2685536
2092132,1719508
2092141,113728
2092151,950667
2092167,949331
2092174,111317
2092194,109541
2092236,950472
2092296,948631
2092306,114789
2092312,951083
2092353,950469
2092399,109109
2092418,106811
2092445,950469
2092463,950473
2092480,111762
2092487,950472
2092495,114767
2092497,2685138
2092504,114066
2092515,111314
2092534,950026
2092535,950469
2092553,949022
2092607,948489
2092643,948953
2092687,112166
2092688,114498
2092705,97510
2092712,955629
2092726,955630
2092730,955627
2092731,955631
2092733,955628
2092747,99259
2092750,99258
2092763,1084279
2092768,89044
2092819,102292
2092836,1083144
2092864,1084659
2092867,2014009
2092870,97047
2092880,96204
2092893,101550
2092900,1089643
2092902,99260
2092907,953759
2092909,953065
2092911,953290
2092912,99258
2092913,99256
2092976,98186
2092994,96204
2093013,96797
2093030,98186
2093032,97047
2093046,99146
2093047,102857
2093056,99984
2093063,104583
2093068,97152
2093069,100558
2093201,97335
2093234,101468
2093274,1083161
2093454,97047
2093513,96204
2093514,953817
2093520,108922
2093527,108920
2093604,1089454
2093609,105432
2093631,98186
2093639,108919
2093670,97336
2093704,98702
2093760,99133
2093762,94199
2093793,107744
2093795,101144
2093800,948845
2093802,99135
2093816,98758
2093840,96805
2093841,954688
2093850,951856
2093857,98712
2093889,952520
2093890,952727
2093918,104454
2093960,1871382
2093961,1871382
2093971,103173
2093993,1892962
2093995,1890173
2094052,109509
2094053,2029570
2094055,958136
2094140,101125
2094145,953720
2094146,950944
2094214,948500
2094224,107289
2094275,949917
2094314,99198
2094351,958681
2094354,951512
2094356,2025664
2094364,952519
2094373,96654
2094381,98568
2094434,98714
2094453,2685975
2094473,952651
2094495,958498
2094503,98408
2094504,101324
2094518,114935
2094519,108563
2094537,96038
2094592,101491
2094761,114640
2094782,110750
2094837,1722496
2094971,110298
2095022,948878
2095024,113388
2095027,113549
2095051,109036
2095052,109037
2095060,109036
2095114,109029
2095260,107101
2095350,110388
2095673,110587
2095718,108283
2095726,950750
2095741,115019
2095800,949597
2095804,111028
2095809,115138
2095837,1084321
2095860,115618
2095864,113479
2095899,114951
2095902,108392
2095905,1872730
2095908,948850
2095971,953268
2095984,108703
2095993,114158
2096024,950597
2096035,951530
2096039,106598
2096041,2017821
2096576,2682419
2096597,106183
2096714,112333
2096720,1163176
2096729,108093
2096753,108393
2096790,1163176
2096824,108093
2096867,113976
2096977,108093
2096984,108944
2097268,108944
2097272,108944
2097282,113976
2097362,950906
2097526,108267
2097585,108267
2097663,951293
2097668,1084272
2098371,952616
2098524,97034
2098548,100036
2098848,951944
2099982,114350
2100514,109509
2100535,109509
2100541,113388
2100542,106263
2101140,111774
2101160,108058
2101198,949279
2101406,110807
2101493,108673
2101519,1094205
2101557,106135
2101628,114808
2101695,107338
2101704,115448
2101710,949083
2101758,106210
2101794,110860
2101814,113884
2101880,114876
2101917,951289
2102027,112110
2102028,948425
2102124,114876
2102316,113479
2102333,114884
2102339,2685111
2102340,111659
2102374,2685428
2102454,112786
2102483,112798
2102501,108653
2102646,108628
2102647,112786
2102664,114789
2102668,112114
2102671,2034550
2102681,111128
2102691,113751
2102697,106059
2102706,949187
2102756,1083144
2102758,1083144
2102782,1084629
2102797,91671
2102804,1084080
2102810,102142
2102824,1725310
2102847,104160
2102852,93115
2102865,2684808
2102904,1095168
2102906,952357
2102919,100932
2102923,103603
2102926,948136
2102928,958202
2102930,106647
2102955,97293
2102957,103809
2102961,1083179
2102977,1092124
2102999,2012740
2103005,2008643
2103006,1703519
2103013,952120
2103033,1083185
2103034,1083195
2103040,1088148
2103049,104578
2103064,103422
2103067,97997
2103072,952081
2103074,101197
2103093,95825
2103096,95437
2103138,1091108
2103141,101483
2103176,100733
2103184,952720
2103185,952722
2103187,95758
2103212,92738
2103214,101453
2103229,96870
2103230,1091258
2103237,99167
2103238,99166
2103239,99168
2103240,99165
2103247,953288
2103255,1091076
2103257,97528
2103276,1952588
2103284,953212
2103285,953192
2103293,99765
2103309,1866382
2103311,1704435
2103373,949642
2103378,110010
2103454,113351
2103875,112962
2103899,110072
2103901,108631
2103903,108653
2103916,950214
2103917,112798
2103953,109696
2103960,107175
2103963,113244
2103964,113153
2103971,949276
2103973,949265
2103975,1088667
2104033,106723
2104061,92356
2104092,1089588
2104116,101324
2104158,114635
2104352,100416
2104356,99346
2104463,108631
2104484,109316
2104490,950530
2104500,114789
2104518,110735
2104531,114672
2104561,2030601
2104570,2038577
2104572,1888795
2104573,1083209
2104575,1084711
2104585,99665
2104673,2021658
2104678,105746
2104708,93286
2104714,92948
2104715,1084694
2104721,958601
2104722,1091203
2104729,104153
2104738,105471
2104741,105156
2104745,1091940
2104752,1703235
2104757,1725337
2104760,1083220
2104772,108809
2104779,108431
2104805,112690
2104808,951502
2104852,103879
2104949,2045338
2104988,102168
2105011,96224
2105038,102670
2105137,113169
2105141,2015959
2105178,951171
2105190,106869
2105191,115452
2105208,949152
2105221,1087793
2105288,1084144
2105297,98700
2105314,108455
2105322,91781
2105324,110335
2105336,91872
2105343,96164
2105367,1091107
2105384,952722
2105391,1089490
2105422,102757
2105429,95850
2105452,108167
2105461,109354
2105557,97736
2105582,97578
2105709,2031065
2105713,2146634
2105735,949850
2105778,115588
2105779,1892957
2105785,100448
2105801,89140
2105826,87877
2105856,112212
2105891,105435
2105928,1087555
2105932,93311
2105934,93311
2105972,95752
2106022,103490
2106089,1090159
2106117,109304
2106241,97870
2106263,951798
2106396,1091560
2106405,112786
2106424,950530
2106427,113728
2106428,950766
2106430,950529
2106435,113640
2106452,950529
2106523,106047
2106524,949174
2106535,114959
2106543,107145
2106547,106139
2106553,113307
2106584,1848347
2106594,948746
2106604,108288
2106629,114229
2106669,1089621
2106673,950469
2106730,115095
2106760,950469
2106782,108398
2106917,88771
2106960,98112
2107055,1726388
2107059,1086964
2107061,1086963
2107065,2038149
2107066,1087191
2107069,93201
2107091,96204
2107092,97047
2107116,98431
2107125,98409
2107147,98096
2107223,1094250
2107260,949915
2107269,103600
2107271,100420
2107280,104020
2107334,107106
2107545,108317
2107739,115283
2107767,1162376
2108066,948796
2108239,1163176
2108584,951670
2109192,113388
2109487,948988
2109507,2684754
2109647,107664
2109656,949912
2109672,2685132
2109673,114408
2109878,110320
2109902,110258
2109924,2685111
2109925,108653
2109928,1953535
2109937,1091509
2109951,113973
2109959,108640
2109968,950258
2109979,1091293
2109984,949916
2110006,108653
2110045,113943
2110049,114789
2110061,950766
2110074,948481
2110081,1717966
2110084,113751
2110115,950667
2110128,1090500
2110138,97225
2110143,1084457
2110154,956230
2110159,1083119
2110160,89121
2110168,1086388
2110175,97532
2110178,954521
2110217,1868776
2110226,95893
2110234,100426
2110235,955105
2110236,103675
2110263,103908
2110268,97791
2110279,98097
2110304,102313
2110306,100663
2110309,99256
2110315,958137
2110337,92468
2110354,98666
2110356,95758
2110369,100378
2110382,958499
2110383,94031
2110384,1091973
2110385,1089582
2110400,103539
2110434,948776
2110435,109298
2110594,948989
2110614,115219
2110677,948988
2110686,113955
2110692,107129
2110706,1953533
2110708,108556
2110719,948776
2110759,949236
2110806,96215
2110843,105082
2110854,105982
2110859,2048697
2110944,108393
2111049,108854
2111052,113463
2111058,114030
2111059,2685109
2111067,110811
2111073,113338
2111091,113842
2111097,114198
2111099,111128
2111122,96394
2111162,97350
2111170,101271
2111173,952654
2111177,1086252
2111182,1852817
2111217,1087295
2111226,1087413
2111247,1086961
2111276,958117
2111277,958118
2111284,96406
2111304,1722530
2111365,96607
2111411,2045339
2111415,1083250
2111441,97870
2111555,113541
2111622,1910632
2111627,1895475
2111679,98038
2111705,109400
2111939,115659
2111970,1084115
2111971,93802
2111973,1895475
2111974,1087150
2111975,91968
2111978,95033
2111986,1850108
2111987,92242
2111994,1882661
2112005,90706
2112010,1083774
2112013,1094782
2112020,94271
2112048,102415
2112102,92867
2112103,92883
2112157,99689
2112181,105170
2112191,1083909
2112195,105982
2112199,101705
2112202,106008
2112204,102932
2112359,1091562
2112386,110994
2112392,110211
2112431,110450
2112448,112710
2112471,1086390
2112479,1855958
2112480,102057
2112487,953716
2112501,89019
2112503,88694
2112513,102418
2112514,99702
2112517,98275
2112540,1084177
2112552,102774
2112599,954013
2112611,102134
2112612,105605
2112613,952689
2112615,91925
2112619,103808
2112623,100477
2112624,101232
2112625,95732
2112663,88730
2112666,1086603
2112672,950395
2112699,102221
2112718,105226
2112721,101851
2112725,1703246
2112793,948574
2112845,106246
2112881,1090853
2112897,113788
2113048,110501
2113067,107129
2113075,1953534
2113076,111567
2113090,115078
2113093,950661
2113114,109780
2113118,949276
2113142,91477
2113147,1084768
2113180,1090749
2113202,99141
2113214,1086120
2113428,114141
2113436,949449
2113449,2683943
2113466,1091509
2113467,106094
2113511,110641
2113521,950527
2113536,1084197
2113548,95622
2113550,1170883
2113551,1086252
2113558,103304
2113560,954221
2113565,94770
2113570,91794
2113632,1090025
2113634,107114
2113638,1091977
2113709,2684773
2113799,115300
2113819,112866
2113822,1725345
2113824,114566
2113850,113251
2113891,114198
2113908,1091550
2113918,97247
2113969,1084367
2113991,104576
2114026,952229
2114066,95271
2114089,1088476
2114090,2015013
2114100,1703237
2114126,101294
2114129,1091536
2114130,1866387
2114148,95460
2114154,104151
2114171,115019
2114188,1089551
2114310,1083366
2114329,113050
2114461,111136
2114465,115218
2114469,2045645
2114481,111633
2114489,109524
2114519,114789
2114525,958072
2114544,958072
2114548,108534
2114553,113842
2114585,93080
2114594,956191
2114606,105877
2114609,102764
2114613,87614
2114626,96417
2114651,87730
2114665,98399
2114669,104587
2114699,99083
2114704,94819
2114705,105864
2114721,953647
2114723,102020
2114730,97112
2114731,96388
2114734,105011
2114749,1089291
2114767,1864035
2114774,1867862
2114776,101194
2114784,104988
2114799,98802
2114822,109499
2114886,103978
2114895,100455
2114898,99981
2114913,950884
2114915,114838
2114916,107988
2114956,112570
2114960,113554
2114963,113554
2114976,1091553
2114977,1091555
2114978,108853
2114979,106994
2114998,111659
2115027,113968
2115037,111131
2115041,113070
2115042,110926
2115046,110926
2115049,106280
2115063,2034550
2115083,114980
2115143,957066
2115164,98032
2115193,94554
2115194,1089040
2115196,94564
2115197,94563
2115199,1894590
2115216,1088073
2115245,109121
2115251,1089978
2115261,1091940
2115262,100378
2115265,100378
2115266,100378
2115303,96954
2115305,97085
2115307,93143
2115309,104447
2115312,103413
2115346,1090199
2115363,950936
2115374,113511
2115425,101774
2115430,104181
2115511,107460
2115554,108854
2115555,106516
2115562,111659
2115579,93988
2115593,954642
2115594,97432
2115626,96298
2115628,105845
2115631,99113
2115634,103864
2115686,1083345
2115744,114141
2115805,949638
2115811,111058
2115827,107112
2115879,106062
2115881,107145
2115903,107124
2115908,110812
2115910,114938
2115966,107664
2115967,106994
2115990,108633
2115995,113070
2115996,110926
2116016,105040
2116017,93563
2116030,91605
2116035,1090978
2116038,956424
2116039,101905
2116048,102183
2116050,95458
2116055,100362
2116063,102950
2116066,1090631
2116067,87595
2116069,101324
2116074,102251
2116079,102434
2116088,108916
2116107,112695
2116192,106931
2116257,115594
2116260,949159
2116283,1088567
2116286,2685536
2116295,949276
2116307,103562
2116317,951757
2116326,951763
2116334,2038575
2116367,951909
2116372,953993
2116376,954001
2116382,102092
2116394,2034532
2116409,94615
2116410,94541
2116416,2682507
2116434,97037
2116441,104656
2116444,104621
2116462,2684815
2116466,98232
2116490,105231
2116497,103750
2116512,1086153
2116528,91928
2116529,91748
2116552,108787
2116563,108256
2116616,1162383
2116670,106461
2116691,114993
2116751,114838
2116833,115300
2116838,115300
2116896,949698
2116901,107664
2116905,112691
2116906,107757
2116908,949710
2116941,109341
2116987,108375
2116995,111129
2117005,950747
2117006,950747
2117032,1088648
2117039,950500
2117045,949276
2117046,949265
2117048,949265
2117049,949276
2117057,112679
2117075,113464
2117078,112794
2117089,99412
2117112,1170904
2117124,95862
2117133,953474
2117169,98776
2117175,104959
2117177,104919
2117194,96565
2117210,102174
2117218,91816
2117271,1090755
2117279,92688
2117283,1094922
2117286,104180
2117288,954572
2117299,103535
2117314,103765
2117317,97039
2117343,92711
2117363,91781
2117395,2008644
2117421,99076
2117426,100898
2117433,94925
2117437,1089312
2117438,1089324
2117444,98843
2117456,1868772
2117457,2685843
2117459,88352
2117485,1083384
2117508,953445
2117509,102901
2117530,2682186
2117541,1091086
2117595,107658
2117604,948553
2117640,104295
2117686,115225
2117782,107664
2117790,1953535
2117794,111659
2117845,106729
2117846,106729
2117851,108575
2117859,106067
2117861,2034549
2117863,106234
2117867,103644
2117884,101104
2117900,1086389
2117905,94338
2117906,107103
2117908,1086659
2117911,1086657
2117919,1726389
2117928,948502
2117932,100378
2117933,100378
2117938,100378
2117944,1091945
2117945,1091946
2117948,1091946
2117957,101380
2117983,951239
2117990,107023
2117992,107165
2118002,109480
2118007,114119
2118133,97643
2118136,115181
2118137,950870
2118181,948948
2118253,114096
2118280,108031
2118288,107366
2118301,1091405
2118302,114144
2118312,2029250
2118314,1090888
2118360,94528
2118389,99397
2118401,91705
2118410,103345
2118423,1091772
2118424,114499
2118432,114765
2118436,1165477
2118438,106607
2118530,111400
2118532,110733
2118537,111400
2118539,1714970
2118548,107717
2118570,949653
2118619,107103
2118623,87485
2118641,101842
2118656,99466
2118664,1726440
2118670,104213
2118680,100909
2118682,96092
2118683,98237
2118697,95077
2118700,95436
2118708,105460
2118709,96022
2118712,103535
2118715,954495
2118718,103815
2118719,104700
2118757,951760
2118763,952267
2118766,2683620
2118767,2683621
2118782,103236
2118793,100378
2118802,2048697
2118810,96611
2118816,96611
2118823,1084145
2118833,2682601
2118844,95521
2118847,95567
2118848,104789
2118849,101814
2118933,2685720
2118972,1858707
2118974,92837
2119008,1083412
2119024,104787
2119121,951187
2119142,108097
2119145,110733
2119157,110736
2119167,958001
2119174,114546
2119179,104024
2119186,1722512
2119191,102606
2119198,101769
2119206,103562
2119207,953920
2119226,100145
2119230,93309
2119257,93118
2119258,91759
2119259,91778
2119268,1849174
2119278,105282
2119284,951757
2119288,98450
2119305,104417
2119334,956498
2119349,951757
2119362,102809
2119371,93861
2119378,1086690
2119427,111360
2119430,1719508
2119442,100378
2119443,953797
2119444,1091945
2119452,103006
2119457,1086655
2119463,95820
2119468,956195
2119469,103518
2119471,113145
2119488,114361
2119496,101195
2119503,112847
2119516,104447
2119532,1086127
2119533,951655
2119545,93161
2119552,103719
2119556,952480
2119564,1084193
2119567,87905
2119571,102118
2119574,101159
2119575,102212
2119578,958599
2119598,99340
2119660,102408
2119662,97932
2119668,100378
2119669,100378
2119671,100378
2119697,953118
2119699,102512
2119728,950747
2119748,109866
2119766,949265
2119780,114640
2119793,114471
2119797,948823
2119940,98275
2119953,953072
2119969,108518
2120005,106450
2120035,109370
2120037,950709
2120110,107129
2120119,112201
2120136,954472
2120139,1875299
2120140,1086929
2120146,97452
2120153,952110
2120180,108456
2120201,104921
2120222,101884
2120226,1952591
2120237,104931
2120244,104593
2120246,100862
2120254,96794
2120260,99333
2120279,114773
2120289,1717965
2120310,114998
2120312,1088621
2120389,108218
2120392,2685109
2120398,950988
2120415,1092026
2120420,102567
2120440,94883
2120448,99996
2120450,97145
2120451,103475
2120465,105604
2120479,115569
2120480,115594
2120488,949276
2120510,108568
2120511,108568
2120528,115660
2120582,112547
2120588,948976
2120589,949106
2120593,110204
2120610,105696
2120616,953072
2120641,949093
2120642,109508
2120657,949265
2120669,110195
2120804,96005
2120810,96283
2120837,954644
2120839,954605
2120849,99499
2120861,2029250
2120865,107112
2120894,950874
2120895,1083030
2120914,99990
2120921,98611
2120922,105514
2120927,102552
2120928,103423
2120941,97532
2120949,1091538
2120951,99566
2120992,949191
2121045,1953534
2121086,104432
2121088,99707
2121090,88086
2121091,1088859
2121150,90706
2121151,955661
2121166,89254
2121171,951833
2121207,102969
2121223,1087263
2121226,97074
2121240,1087055
2121252,102215
2121305,96328
2121309,98939
2121322,105326
2121327,954936
2121331,1858707
2121354,92064
2121360,1858707
2121384,100289
2121446,104380
2121457,99124
2121463,1722512
2121498,1090888
2121505,1090887
2121516,1090886
2121524,956794
2121532,108575
2121533,948564
2121577,113824
2121601,109984
2121605,1089619
2121614,108199
2121619,115588
2121663,108026
2121666,950773
2121670,115551
2121673,114428
2121676,1090093
2121762,1084261
2121770,108594
2121790,1084261
2121841,115240
2121851,114546
2121864,114507
2121866,949233
2121870,2685688
2121876,1722547
2121884,109006
2121908,113480
2121969,948972
2122239,2683860
2122246,105435
2122251,953944
2122289,1087096
2122291,102445
2122335,91856
2122348,107769
2122358,93220
2122361,92610
2122364,91873
2122367,88967
2122384,1884949
2122392,109870
2122404,105913
2122426,104312
2122490,92314
2122530,102760
2122535,101535
2122552,952799
2122553,952799
2122565,1087793
2122577,953655
2122614,1089959
2122643,950960
2122678,113813
2122711,2137909
2122713,110924
2122743,1085684
2122799,109739
2122802,110855
2122803,1090074
2122816,1091556
2122820,2685129
2122826,113309
2122842,114507
2122847,112867
2123103,98104
2123126,92689
2123140,2029571
2123148,952118
2123150,958612
2123165,88951
2123201,2685253
2123207,948391
2123211,114030
2123226,950656
2123280,97870
2123281,97578
2123283,104792
2123292,115499
2123305,107987
2123340,950614
2123464,115428
2123472,951175
2123475,1083007
2123501,106025
2123511,96417
2123539,94185
2123554,1163193
2123576,91421
2123577,956426
2123579,111594
2123580,1726446
2123609,949783
2123668,108495
2123672,1162345
2123676,108669
2123680,949361
2123683,109417
2123700,108415
2123708,114292
2123714,109954
2123715,106464
2123724,951815
2123733,1146373
2123740,950780
2123786,108031
2123797,107026
2123815,108170
2123850,115225
2123867,107364
2124013,96407
2124033,952135
2124035,100416
2124040,952423
2124050,105181
2124095,1100467
2124161,1083275
2124172,103879
2124191,102998
2124207,1148189
2124268,111226
2124270,109759
2124271,950493
2124288,950290
2124307,107790
2124323,108797
2124324,114739
2124327,114739
2124330,948703
2124331,113108
2124332,111609
2124339,113108
2124497,96655
2124524,94677
2124538,113463
2124553,1884157
2124561,950043
2124588,951903
2124608,95803
2124615,95585
2124621,96002
2124640,1084180
2124652,1145522
2124657,94821
2124682,98762
2124692,1858041
2124729,1953521
2124751,104741
2124759,1083191
2124802,1866118
2124812,1092034
2124822,1726440
2124828,99808
2124830,98099
2124832,98421
2124840,102904
2124844,1086256
2124849,98102
2124861,98102
2124875,956279
2126811,114507
2126826,114393
2126831,951333
2126833,114500
2126838,951333
2126855,949632
2126856,2157065
2126857,2157064
2126860,115087
2126869,106843
2126872,106843
2126876,111455
2126900,111503
2126902,113820
2126908,110060
2127081,109099
2127087,109883
2127148,952219
2127163,103803
2127356,1092114
2127357,1092120
2127361,950235
2127384,108550
2127395,110010
2127399,115005
2127408,1092120
2127416,1145061
2127420,100953
2127424,108695
2127456,96892
2127470,93665
2127478,1084101
2127480,103011
2127481,104272
2127484,1726455
2127485,103758
2127499,105799
2127500,103158
2127510,1726457
2127512,104681
2127530,104341
2127569,101295
2127594,1091459
2127598,2030240
2127612,105881
2127626,103718
2127644,953609
2127672,101509
2127707,2684332
2127730,98997
2127734,93261
2127747,1087347
2127771,97698
2127796,1088652
2127819,1888801
2127822,949265
2127830,114620
2127832,115068
2127845,113690
2127858,106729
2130928,2012735
2130930,1875306
2130962,1865643
2131000,106624
2131008,94024
2131060,1858703
2131085,953259
2131241,106139
2131317,1091289
2131380,106188
2131409,1087555
2131494,95508
2131506,115692
2131553,107872
2131572,100898
2131585,88257
2131633,948750
2131646,2683976
2131718,95280
2131725,108077
2131737,112210
2131762,950361
2131811,950305
2131815,95441
2131832,952211
2131835,106901
2131930,953669
2131957,115089
2131986,954892
2131996,100645
2132016,93918
2132083,111090
2132086,1090500
2132103,948307
2132107,1884101
2132121,948134
2132181,96448
2132229,112875
2132240,950696
2132248,108742
2132266,98802
2132296,1090656
2132307,1884103
2132336,114432
2132348,100215
2132429,949948
2132476,101444
2132483,2026631
2132495,87696
2132744,954679
2132768,1091387
2132869,2682443
2132873,107905
2132875,93902
2132906,95728
2132909,953431
2132941,2031064
2132948,107561
2132977,1884098
2133019,1952578
2133030,93917
2133082,105407
2133091,1857082
2133113,2683866
2133124,93919
2133148,91884
2193975,2138730
2194012,91321
2194031,99045
2194038,2683671
2194039,1084268
2194042,103973
2194061,103046
2194063,953919
2194064,99176
2194068,1087043
2194070,105371
2194075,953849
2194078,95710
2194079,1089408
2194091,100221
2194092,95623
2194095,2147151
2194098,101311
2194099,97189
2194100,103581
2194102,958518
2194103,101162
2194104,104084
2194148,104905
2194154,104905
2194177,954502
2194189,87908
2194205,1087014
2194210,1087288
2194215,101841
2194217,101249
2194244,1087244
2194261,1087035
2194273,1086904
2194278,1086902
2194287,2137895
2194292,2136679
2194300,1084381
2194304,2137901
2194308,1084377
2194318,2137893
2194321,2136686
2194323,1087252
2194324,2012709
2194331,2137844
2194335,1086914
2194340,2015011
2194352,2137844
2194361,1084384
2194362,1086939
2194367,2137857
2194375,1087050
2194381,1087046
2194391,2136691
2194393,957079
2194396,1087008
2194402,1087045
2194411,1087030
2194415,2136662
2194427,2137902
2194442,101242
2194472,2147680
2194481,2683857
2194484,2144553
2194485,2683855
2194497,2683856
2194500,2141282
2194503,95960
2194511,1725314
2194512,95958
2194514,1953515
2194524,1091442
2194542,1088175
2194547,2683682
2194548,954994
2194550,1090243
2194564,953160
2194573,102798
2194584,97649
2194600,1145056
2194604,98808
2194605,101439
2194608,99507
2194613,88933
2194617,88568
2194622,88047
2194626,93883
2194637,104787
2194642,95030
2194676,100987
2194719,2685617
2194725,2685527
2194735,2685617
2194744,2685663
2194746,2685669
2194748,2685668
2194749,2685670
2194750,2682356
2194756,2685671
2194782,2682358
2194783,112877
2194792,2685547
2194801,2685672
2194810,2682353
2194811,2682354
2194813,2685406
2194816,2682352
2194818,2682351
2194821,2685409
2194834,1088643
2194837,1088610
2194842,1088613
2194884,114570
2194919,2682365
2194952,113751
2195018,2157082
2195061,2015949
2195085,2682402
2195086,2682381
2195093,114706
2195097,111295
2195106,1092166
2195118,1953533
2195120,114884
2195135,950970
2195136,950583
2195137,112769
2195157,1090258
2195160,2157034
2195165,1091501
2195172,112145
2195188,114339
2195189,113524
2195208,2156681
2195209,2682392
2195211,2159342
2195216,2682380
2195217,2685647
2195223,114240
2195233,2159299
2195237,2159296
2195242,1884079
2195265,110659
2195267,111453
2195268,951294
2195269,1091589
2195270,1091350
2195276,112671
2195277,114997
2195283,1090102
2195286,1089409
2195294,1090103
2195303,111723
2195305,114741
2195309,1875313
2195313,1884156
2195320,949481
2195321,1094234
2195334,110718
2195336,110500
2195344,107512
2195350,951508
2195366,109548
2195371,107373
2195390,2684900
2195391,97636
2195393,1162325
2195395,99226
2195396,104853
2195415,107329
2195417,1095190
2195421,106424
2195426,114134
2195459,948905
2195463,2684650
2195520,111526
2195526,1892279
2195527,951787
2195604,1085941
2195641,115155
2195889,99614
2195892,100261
2195925,96623
2195959,953181
2195989,1087576
2195993,95853
2195995,95846
2195996,2685839
2196007,104531
2196011,103750
2196018,1086854
2196019,101814
2196135,1163190
2196138,97902
2196147,951911
2196177,1091080
2196187,953152
2196207,96888
2196222,1726377
2196232,99788
2196267,95521
2196283,98746
2196293,953154
2196295,98808
2196298,1090768
2196309,951078
2196322,96475
2196331,92317
2196335,2159825
2196348,2130732
2196354,951702
2196365,1087045
2196421,100569
2196423,97144
2196427,100569
2196630,2135950
2196633,1090303
2196642,94112
2196670,1087063
2196677,2137891
2196678,1086918
2196684,2137846
2196694,2136673
2196716,1090303
2196717,951815
2196723,2017812
2196751,2683715
2196756,1088138
2196773,1864019
2196779,2144571
2196782,1091835
2196790,100408
2196812,92532
2196834,2683701
2196836,953168
2196865,92836
2196873,93576
2196874,954008
2196892,1088966
2196893,93335
2196895,2682577
2196919,957067
2196937,100205
2196942,1091526
2196946,2130733
2196948,95463
2196951,96627
2196959,1091808
2196992,2685840
2197010,954965
2197012,93812
2197013,94986
2197014,954267
2197624,104702
2197626,92544
2197633,1087658
2197635,1091755
2197640,103590
2197641,102941
2197654,2685949
2197668,92731
2197670,955092
2197673,104393
2197682,1163200
2197692,101589
2197702,2683907
2197703,1872711
2197705,2683909
2197712,101585
2197713,1087658
2197717,101586
2197722,1091076
2197732,101585
2197738,101195
2197754,955030
2197755,1088356
2197774,1892963
2197820,958166
2197831,96268
2197832,98244
2197834,953252
2197899,2683598
2197900,2146620
2197937,952131
2197941,101207
2197944,96157
2197947,108916
2197982,101185
2197984,103535
2197987,104860
2197993,955040
2197994,91943
2197995,1090173
2198059,104505
2198064,2683695
2198092,2683772
2198094,2682551
2198096,2682323
2198099,2682326
2198100,2683769
2198102,2682325
2198103,2683629
2198104,2682324
2198108,1084879
2198112,1086655
2198114,1953948
2198119,948646
2198536,1089158
2198583,948837
2198612,951085
2198624,953074
2198626,1090469
2198645,93486
2198646,1083080
2198790,949422
2198825,952980
2198850,1084602
2198851,2012728
2198858,101955
2198888,104125
2198906,105375
2198933,948267
2198945,108506
2198958,110556
2198970,110500
2198971,110502
2198995,113814
2199110,115279
2199132,98407
2199145,109036
2199146,1863080
2199160,110585
2199192,953143
2199198,99784
2199216,105922
2199225,1850104
2199236,2137855
2199243,92568
2199346,2137838
2199391,1726452
2199435,112576
2199576,94111
2199583,101811
2199584,93212
2199606,112088
2199661,104647
2199680,98268
2199700,950987
2199749,2009189
2199758,89757
2199807,89242
2199916,110242
2199980,100514
2200017,108854
2200019,107043
2200038,2683616
2200071,1703493
2200090,948608
2200103,2038571
2200112,93576
2200114,93576
2200121,109138
2200127,102238
2200128,100608
2200133,107051
2200152,105541
2200208,955041
2200213,1083002
2200218,88579
2200256,2009189
2200284,1892958
2200285,1892959
2200320,114910
2200346,110926
2200355,2157081
2200358,2028221
2200361,2685496
2200372,2685648
2200414,104115
2200418,952852
2200422,2685795
2200456,115466
2200474,2685411
2200492,2157080
2200507,103726
2200512,1086659
2200516,949698
2200517,107521
2200521,951264
2200528,107518
2200561,1084356
2200575,953785
2200576,102123
2200620,2685422
2200621,2021678
2200622,2685421
2200623,2021677
2200626,110926
2200664,958977
2200688,1089594
2200702,100494
2200705,94604
2200823,954778
2200893,109266
2200896,113438
2200901,97416
2200904,90330
2200905,955444
2201065,92799
2201090,1087248
2201094,2683680
2201101,2685549
2201102,2685552
2201126,1172347
2201220,950708
2201222,1090475
2201250,1087090
2201268,954868
2201271,2685793
2201283,109830
2201362,1703493
2201365,93522
2201368,95033
2201578,2685404
2201599,2029801
2201798,115401
2201882,949275
2201906,88724
2201913,1084664
2201927,112232
2201938,113916
2201957,952812
2201958,101094
2201959,2683738
2201961,101515
2201986,956512
2202037,2683639
2202038,97283
2202060,93286
2202076,1087047
2202089,102671
2202114,949481
2202115,107069
2202146,2026629
2202147,2026630
2202150,94176
2202180,2685466
2202225,94915
2202226,94980
2202709,2683744
2202711,2683743
2202713,2685464
2202714,2685462
2202727,109361
2202758,948950
2202774,104323
2202775,98210
2202777,98139
2202781,95697
2202782,953713
2202785,953719
2202798,103739
2202800,96402
2202802,101796
2202804,99855
2202806,99604
2202808,96486
2202809,101729
2202833,102292
2202837,97927
2202851,104610
2202882,1865625
2202884,1726385
2202898,2682254
2202900,2682220
2202907,2683864
2202929,99601
2202949,96219
2202950,102024
2202951,97100
2203018,100520
2203077,1875955
2203112,104270
2203113,102267
2203128,1725344
2203129,948082
2203160,950572
2203171,2682385
2203189,2157974
2203191,2682387
2203192,2157485
2203193,113489
2203218,108652
2203222,107469
2203237,2685655
2203239,1092052
2203240,2683762
2203245,107029
2203247,2685563
2203262,110471
2203265,107395
2203269,113765
2203287,2156697
2203288,112041
2203291,2159343
2203293,949631
2203295,108853
2203299,2685680
2203313,114393
2203469,949733
2203489,958962
2203496,103355
2203499,101363
2203500,953087
2203507,1087462
2203509,951721
2203530,100108
2203550,948292
2203553,115378
2203555,110926
2203569,2685658
2203573,112231
2203592,2685427
2203593,2157477
2203609,2683949
2203630,948972
2203631,101212
2203641,100413
2203701,98145
2203708,1087422
2203716,952580
2203718,101352
2203722,100381
2203723,100103
2203725,952121
2203741,100346
2203743,103032
2203769,952530
2203773,1086900
2203774,99343
2203786,101352
2203791,1084637
2203909,2682330
2203910,2682314
2203918,111377
2203927,95430
2203938,1722509
2203941,93126
2203943,92197
2203948,2682312
2203977,114083
2203982,114083
2203993,2682313
2204014,96395
2204034,2138728
2204077,2685634
2204078,949189
2204090,105058
2204091,105058
2204110,106732
2204123,1094955
2204125,2157089
2204311,112621
2204413,949901
2204423,106417
2204424,114766
2204426,114184
2204427,106707
2204431,1704343
2204433,1091603
2204436,949294
2204446,112406
2204456,112407
2204457,114757
2204458,2038586
2204460,951224
2204461,115192
2204462,2683798
2204464,951303
2204466,958006
2204470,948347
2204472,948347
2204475,112380
2204477,1090050
2204483,1091585
2204486,2012910
2204491,950008
2204493,108488
2204494,948347
2204495,110646
2204497,112390
2204500,950273
2204501,949731
2204503,950991
2204510,948584
2204512,107681
2204524,112159
2204536,951369
2204538,106578
2204545,111992
2204562,106567
2204581,107381
2204667,113946
2204668,109372
2204672,114181
2204677,950997
2204679,107927
2204682,107494
2204687,951522
2204688,111984
2204690,110795
2204692,114732
2204694,951203
2204697,111907
2204700,111919
2204701,111844
2204703,115542
2204706,114264
2204708,112937
2204710,106818
2204713,112883
2204720,109677
2204724,115255
2204732,111078
2204733,115371
2204734,114521
2204735,111460
2204736,110453
2204744,111657
2204750,110817
2204752,949483
2204753,115439
2204754,2685149
2204755,108812
2204759,107925
2204761,112389
2204764,109682
2204765,113110
2204766,958012
2204773,115426
2204774,1090050
2204775,951364
2204780,109148
2204781,112694
2204782,107356
2204783,1091239
2204793,106317
2204798,108768
2204800,107750
2204804,108099
2204812,951487
2204814,106321
2204820,112271
2204825,107677
2204834,110395
2204838,950598
2204839,110454
2204842,2685590
2204843,950462
2204852,114460
2204855,949620
2204856,111224
2204858,110498
2204860,114049
2204881,950996
2204888,1090036
2204894,115458
2204895,951200
2204896,107259
2204920,108117
2205009,115572
2205043,111741
2205086,98898
2205398,98195
2205420,107129
2205523,111062
2205524,113806
2205528,109465
2205530,115572
2205532,106523
2205556,2156698
2205557,111741
2205561,109465
2205564,113806
2205587,109493
2205588,115701
2205608,111194
2206154,115300
2206187,115300
2206196,115300
2206220,115129
2206224,948416
2206225,107059
2206229,107537
2206241,950410
2206258,109833
2206262,114462
2206267,112729
2206269,114954
2206272,107535
2206282,113990
2206284,948407
2206286,110261
2206512,115300
2206525,115300
2206532,115300
2206533,115300
2206799,107459
2206880,114403
2207562,106386
2207563,950065
2207646,2682359
2207730,112621
2207761,1089177
2207939,115379
2207944,113815
2207948,108494
2207950,110476
2207951,949648
2207952,108519
2207955,110711
2207959,109418
2207961,106364
2207966,106908
2207967,109798
2207968,111732
2207969,115379
2207973,1722544
2207979,108802
2207980,106839
2207986,110742
2207989,949019
2207992,108051
2207994,111429
2207997,1091372
2208001,113496
2208005,949596
2208017,106990
2208019,108570
2208042,112855
2208043,950405
2208049,107679
2208051,107680
2208052,108055
2208062,108243
2208066,110592
2208067,1094236
2208071,1091390
2208073,1092108
2208075,110831
2208082,107698
2208086,2685581
2208088,948584
2208092,949592
2208094,949739
2208099,949730
2208100,1091587
2208101,1091780
2208104,1091586
2208107,948347
2208114,948347
2208119,949718
2208122,110506
2208136,949740
2208138,111757
2208147,107675
2208155,114793
2208158,108053
2208162,948347
2208164,107676
2208171,948346
2208176,1091579
2208178,106785
2208181,948438
2208185,949694
2208186,112511
2208202,2683725
2208205,1084719
2208219,2685621
2208236,950365
2208248,111870
2208263,2144577
2208277,113274
2208280,112074
2208291,951605
2208299,109376
2208336,2685090
2208338,111821
2208340,1089680
2208342,949462
2208345,111833
2208348,948103
2208355,113452
2208377,113679
2208378,111796
2208399,112749
2208401,948172
2208408,111801
2208410,106752
2208418,113427
2208425,951525
2208427,1089662
2208428,949045
2208431,2685181
2208432,106456
2208442,1089661
2208444,1089666
2208469,111969
2208473,1089686
2208474,114233
2208475,108167
2208483,115644
2208484,114945
2208488,949659
2208495,110654
2208496,112403
2208497,1094235
2208500,113212
2208503,2159324
2208518,2159319
2208521,2159289
2208522,112736
2208527,2685716
2208530,114244
2208533,2157066
2208534,2157054
2208541,114953
2208548,949645
2208549,951509
2208554,112379
2208560,109438
2208561,110655
2208563,107952
2208569,115444
2208576,951312
2208579,110593
2208580,111968
2208582,110596
2208583,950889
2208584,1090045
2208597,108690
2208605,107702
2208613,2685473
2208623,951608
2208624,949980
2208625,112660
2208628,950285
2208630,111803
2208632,106610
2208642,949776
2208651,2159277
2208670,112677
2208681,108168
2208698,111815
2208699,108099
2208700,107624
2208701,114273
2208703,113274
2208704,115115
2208705,107537
2208724,949482
2208736,110938
2208741,113411
2208749,109854
2208758,108425
2208925,106309
2208926,106299
2208928,113980
2208932,106265
2208934,112600
2208935,114132
2208937,114983
2208941,950434
2208945,107527
2208950,948093
2208953,115107
2208957,2159280
2208972,1090116
2208976,2146681
2208984,115567
2209000,113912
2209001,113532
2209002,109590
2209003,115370
2209009,951593
2209026,113255
2209029,114315
2209032,114333
2209037,112627
2209039,949045
2209043,114212
2209045,113869
2209047,106309
2209048,949808
2209052,951386
2209056,949531
2209057,949489
2209059,951064
2209066,114728
2209069,113051
2209072,107610
2209089,106294
2209090,114667
2209222,107407
2209223,107427
2209227,951446
2209250,2159278
2209251,2146701
2209256,2685489
2209271,951594
2209277,106595
2209281,115426
2209286,109867
2209294,108099
2209295,106737
2209298,114454
2209300,113476
2209303,950444
2209304,948407
2209305,114539
2209311,114571
2209319,948174
2209340,2685094
2209341,115296
2209343,107028
2209345,111837
2209350,1091563
2209474,112728
2209491,949838
2209497,948323
2209519,948117
2209520,949798
2209521,948330
2209525,111839
2209569,110753
2209572,114571
2209576,109833
2209597,2146644
2209619,107510
2209649,115517
2209758,115517
2209784,1085724
2209815,1085724
2209820,2044204
2209821,2030634
2209842,2683707
2210095,106645
2210490,106449
2210499,107195
2210500,107195
2210515,106311
2210546,106449
2210554,107195
2210586,107195
2210651,107195
2210656,115517
2210668,109738
2211013,107195
2211951,948768
2212076,2685076
2212744,114690
2212837,115300
2212997,115300
2213048,115300
2213153,115572
2213201,115572
2213205,114039
2213254,2041577
2213338,115300
2213342,115300
2213346,115300
2213423,115300
2213427,115300
2213624,113122
2213633,115572
2214199,2682255
2214321,108862
2214403,106744
2214410,115755
2214555,950390
2214579,2682363
2214582,2682359
2214693,948347
2214832,2144558
2214866,113672
2214951,114602
2215084,949035
2215628,107026
2215676,1090093
2215685,108413
2215718,1703258
2215727,1090186
2215778,1090015
2215781,1090015
2215803,1716268
2215821,106598
2215824,1884021
2215827,112803
2215844,950736
2215931,110446
2215940,106464
2215957,1171884
2216058,115780
2216066,113938
2216069,115503
2216271,113474
2216272,950299
2216273,113820
2216276,113841
2216278,112962
2216326,110699
2216827,115607
2216834,108940
2216849,108940
2216853,115607
2216859,114267
2216860,948347
2216862,107954
2216873,108245
2216875,107707
2216876,107799
2216879,115199
2216881,109385
2216886,107092
2216911,109495
2216927,113736
2216959,109495
2216986,109385
2216998,109495
2217016,109495
2217026,115668
2217038,1089967
2217086,107902
2217694,950469
2217708,948598
2217719,107518
2218021,2012902
2218057,1088544
2218092,2684796
2218093,107069
2218097,108556
2218098,108556
2218099,111568
2218355,954359
2218368,1091940
2218371,100378
2218652,109863
2218700,951417
2218756,110285
2218769,2042095
2218873,114304
2218874,106313
2218883,107669
2219689,95162
2220002,110793
2220073,2683708
2220076,952970
2220077,105643
2220115,1875952
2220116,2683781
2220125,105058
2220140,94525
2220186,98776
2220193,94915
2220236,953639
2220238,1086250
2220287,111181
2220298,111178
2220301,108600
2220317,108361
2220351,112634
2220370,107209
2220376,112575
2220397,2685445
2220470,1333709
2220579,109370
2220581,113647
2220593,950946
2220710,115668
2220754,948323
2220868,113592
2220937,111181
2220971,114360
2220972,112319
2220994,101114
2221062,107727
2221147,1091339
2221150,949588
2221183,114401
2221357,1092181
2221359,109848
2221363,113184
2221367,96200
2221369,105071
2221374,949975
2221535,951466
2221544,105891
2221581,101358
2221584,1163182
2221598,1090015
2221602,113916
2221603,112671
2221604,106657
2221608,1703250
2221610,112625
2221611,109913
2221613,948347
2221617,2685190
2221663,112696
2221713,108078
2221722,111741
2221725,111741
2221726,109465
2221753,106813
2221771,1088665
2221773,115585
2221783,115706
2221845,111741
2221846,1088665
2221873,107714
2221887,113103
2221988,106404
2222024,111741
2222033,1088670
2222095,113103
2222100,111741
2222146,111741
2222253,106813
2222269,113505
2222278,111741
2222319,108118
2222326,106813
2222334,111741
2222380,108117
2222434,109465
2222842,949697
2222847,111428
2222984,949022
2223063,112810
2223173,949933
2223236,115234
2223245,115234
2223298,114664
2223314,113010
2223969,114602
2224641,952348
2224838,111062
2224856,114039
2224885,1088665
2225127,113103
2225140,108078
2225294,110216
2225345,1088665
2225357,109465
2225605,115572
2225617,106215
2225644,106567
2225691,113004
2225714,109714
2225738,115701
2225752,115668
2225942,115701
2226182,1088658
2226231,109465
2226284,111741
2226449,2685691
2226510,114689
2226545,113655
2226673,115517
2226707,114489
2226837,109286
2227043,2008646
2227044,2008647
2227051,110639
2227056,110651
2227057,107953
2227354,1089158
2227445,948679
2227528,114600
2227613,112969
2227617,106684
2227638,949478
2227641,112776
2227649,114824
2227727,108614
2227946,948993
2229584,110810
2229706,948481
2229773,948288
2229774,113824
2230272,106370
2230427,106370
2230458,97212
2230679,107358
2230769,115607
2230803,110446
2230814,112717
2230815,109253
2230823,951288
2230826,948207
2230828,951434
2230841,112927
2230847,948347
2230854,113886
2230861,113058
2230863,950418
2230864,949930
2230869,1870839
2230875,1090044
2230877,107951
2230879,109167
2230882,108686
2230883,112155
2230894,107615
2230906,107362
2230908,110436
2230911,1091354
2230914,107292
2230916,951519
2230923,112395
2230929,948347
2230930,951375
2230931,110590
2230932,110261
2230935,109111
2230945,948284
2230949,111826
2230951,1091116
2230953,109495
2231016,106891
2231017,1091414
2231019,1884149
2231073,949138
2231074,949543
2231485,951496
2232043,109706
2232173,113112
2232617,109509
2232618,109509
2232692,951496
2232984,106905
2233555,1088639
2233563,2682360
2233624,110174
2233784,108856
2233837,112655
2233846,108856
2233868,107034
2233977,114901
2233978,112655
2233990,107034
2234001,114901
2234012,114901
2234038,113112
2234122,115607
2234204,115607
2234207,106215
2234243,113112
2234247,109714
2234297,113112
2234410,106888
2234444,107034
2234450,107034
2234459,106236
2234460,114895
2234461,113004
2234467,107034
2234468,106888
2234472,109714
2234474,107034
2234479,112655
2234488,113112
2234519,114895
2234588,112655
2234606,106236
2234981,1089177
2234989,107486
2235135,2137324
2235142,2045351
2235385,952401
2235394,952704
2235406,105891
2235417,1953549
2235428,952705
2235447,952704
2235452,952705
2235453,100742
2235458,105891
2235478,114506
2235765,106932
2236000,1953551
2236014,105600
2236023,1953551
2236035,109415
2236055,111379
2236105,949020
2236106,2028217
2236129,99254
2236161,951920
2236373,1162348
2236375,1476644
2236376,112291
2236383,951431
2236385,109737
2236386,111330
2236388,949737
2236390,111432
2236391,948605
2236393,106904
2236398,108872
2236517,111073
2236522,108334
2236525,950990
2236526,2685575
2236530,1094235
2236532,1090034
2236535,951354
2236536,951222
2236611,1091591
2236612,110804
2236617,951223
2236626,110637
2236633,948397
2236703,115300
2236716,951361
2236726,110597
2236747,108099
2236748,112418
2236753,949838
2236759,107247
2236760,107247
2236762,107247
2236764,2146639
2236766,109667
2236779,107247
2236781,107247
2236787,949838
2236789,107247
2236795,948168
2236812,951442
2236815,107918
2236820,2157060
2236822,2157058
2236826,2157056
2236828,115474
2236830,958068
2236836,110644
2236837,115201
2236839,951299
2236840,950216
2236841,1091584
2236845,948392
2236975,111888
2237033,110592
2237035,107642
2237038,949826
2237135,111741
2237290,1162347
2237292,949658
2237297,110958
2237301,949192
2237302,1091558
2237327,113799
2237361,112807
2237366,107456
2237373,951310
2237393,111331
2237395,1091594
2237396,1091602
2237403,958973
2237409,106645
2237436,114806
2237463,107195
2237488,107195
2237493,107195
2237498,107195
2237501,115517
2237535,107195
2237572,107195
2237582,107195
2237587,107195
2237588,107195
2237617,1088662
2238447,949611
2238661,950450
2239103,1094199
2239410,110379
2239421,951320
2239526,1100484
2240002,951320
2240036,110356
2240198,2038578
2240199,2038578
2240205,2038578
2240207,114949
2240253,111181
2241687,108130
2241712,2685445
2241780,1085067
2241862,109991
2242291,109991
2242319,109991
2242342,109991
2242410,106241
2242421,952856
2242501,113323
2242505,108131
2242510,1092064
2242543,2685469
2242570,114362
2242591,112466
2242610,114289
2242621,114600
2242622,114275
2242649,112308
2242676,107561
2242680,114275
2242711,114289
2242725,1848338
2242744,115604
2242984,108361
2242998,114289
2243001,109415
2243002,109215
2243009,951447
2243010,951447
2243034,109572
2243064,114275
2243071,113363
2243083,109414
2243127,111181
2243181,115560
2243188,107542
2243226,109543
2243241,107564
2243290,108805
2243366,115420
2243367,114442
2243369,111575
2243374,110120
2243381,106729
2243424,112806
2243511,113040
2243532,113040
2243615,1848346
2243725,1085274
2243777,951447
2243835,114360
2243841,114360
2243847,112919
2243852,114442
2243870,111183
2243872,111575
2244059,1848346
2244169,112457
2244210,109212
2244297,115461
2244315,115459
2244321,949923
2244400,107040
2244431,1085189
2244502,109513
2244793,113040
2245077,1085080
2245085,1085080
2245088,1085080
2245842,115130
2245849,109911
2246318,2030634
2246426,106858
2246474,950443
2246544,950443
2246556,949431
2246559,109662
2247758,1088662
2247804,1088659
2247811,1088659
2247875,1088659
2248336,949063
2248648,1092142
2249648,115717
2249989,950439
2250005,950439
2250967,112170
2251754,1726386
2251808,2159275
2251812,91947
2251816,949710
2251821,950497
2251826,107129
2251831,951264
2251832,2159274
2251835,99259
2252333,950703
2252355,98563
2252356,104358
2252469,1875955
2252508,2011624
2252520,109950
2252527,97635
2252549,114108
2252551,2017819
2252567,109103
2252574,948679
2252583,114246
2252593,112953
2252595,109241
2252617,110275
2252623,1884018
2252626,114088
2252631,114088
2252657,113506
2252662,2685637
2252702,110095
2252761,106458
2252871,101720
2252894,108454
2252895,950823
2252898,952624
2252901,97219
2252908,2130735
2252943,112919
2253162,949986
2253163,115346
2253164,109536
2253308,107107
2253318,114085
2253474,952704
2253478,952704
2253495,949838
2253503,114242
2253510,1089662
2253512,106243
2253546,114602
2253662,2159314
2253664,114333
2253666,949650
2253667,1089673
2253683,107247
2253688,109144
2253874,110351
2254315,106080
2254802,1085333
2255606,114275
2255607,114335
2255611,1094790
2255641,113592
2255678,115461
2255679,115461
2255703,112352
2256660,1333711
2256786,106594
2257729,95498
2257734,103250
2257735,99431
2257767,95784
2257772,2685835
2257775,1086853
2257776,2682299
2257780,98116
2257781,103017
2257809,103587
2257830,95879
2257837,101475
2257841,951655
2257849,953568
2257862,2682228
2257864,102500
2257869,953248
2257871,99124
2257876,101720
2257892,96823
2257893,951744
2257923,102174
2257936,1089000
2257937,101324
2257973,97053
2257991,953530
2258018,958509
2258025,101216
2258027,2682227
2258028,951882
2258034,1091713
2258063,954817
2258069,1089488
2258113,1091204
2258121,2682329
2258122,2157048
2258123,2157047
2258124,2683794
2258125,2682308
2258129,953779
2258131,92836
2258132,100378
2258136,2683614
2258147,92446
2258148,102744
2258151,99821
2258153,92548
2258160,951758
2258178,111597
2258205,949273
2258219,1090223
2258223,2044192
2258237,2137841
2258241,98139
2258242,102152
2258243,104469
2258249,102787
2258252,100334
2258262,100537
2258265,91744
2258267,95066
2258274,93331
2258275,94840
2258277,1088941
2258279,1088863
2258280,1088890
2258281,1088942
2258282,1088940
2258283,1083519
2258293,1088965
2258300,1090433
2258301,92821
2258302,91699
2258308,94451
2258309,92768
2258311,92363
2258312,1085006
2258316,93917
2258319,93772
2258328,93773
2258331,955042
2258335,93774
2258353,1088938
2258369,1086339
2258379,95197
2258399,954228
2258408,94444
2258410,94309
2258411,94304
2258420,1086336
2258426,93567
2258440,94841
2258444,953082
2258460,1084636
2258471,2136827
2258477,105575
2258486,105694
2258487,2025364
2258488,2025365
2258493,105269
2258495,94456
2258496,94982
2258505,101246
2258506,954915
2258519,949341
2258523,99700
2258564,1084705
2258566,2021658
2258592,952872
2258599,953590
2258606,1084725
2258616,1084354
2258619,101356
2258625,1086900
2258636,103944
2258638,1087445
2258650,95918
2258651,103964
2258652,101269
2258655,954603
2258656,2684483
2258661,954644
2258663,954644
2258664,954605
2258665,91699
2258673,91697
2258677,954605
2258732,1088137
2258734,112861
2258745,112964
2258772,2682328
2258775,92512
2258777,1089419
2258778,113412
2258817,105845
2258818,94306
2258819,955154
2258855,101676
2258856,2682246
2258873,91320
2258903,1100461
2258918,1100462
2258919,1100459
2258922,91335
2258923,1083235
2258928,91320
2258956,112976
2258963,948303
2258976,1891248
2258981,2685661
2258982,112986
2259001,112819
2259052,108289
2259053,110918
2259057,115581
2259155,1873560
2259282,949270
2259290,115198
2259294,114095
2259395,111734
2259398,110858
2259415,1171891
2259419,1171891
2259420,1171892
2259421,1171892
2259457,96623
2259480,952032
2259518,1171892
2259627,106554
2259631,106648
2259637,108561
2259767,100058
2259784,2682409
2259803,107101
2259812,952967
2259823,115023
2259837,110617
2259878,948388
2259893,2685589
2259934,112339
2259993,957988
2260010,111499
2260013,948254
2260031,106083
2260051,111254
2260060,109869
2260075,949104
2260087,109913
2260098,950095
2260129,948974
2260210,948786
2260244,1086574
2260322,89254
2260349,2683617
2260350,2683607
2260351,102183
2260357,2683608
2260364,1091702
2260410,1086712
2260441,2147756
2260447,105372
2260454,87485
2260462,99761
2260463,93130
2260472,2130403
2260492,1088161
2260499,1086991
2260501,956813
2260503,956813
2260510,1084726
2260518,1087249
2260521,1884059
2260526,958585
2260529,952320
2260534,101248
2260537,96673
2260556,104224
2260558,101893
2260579,2684522
2260583,89346
2260586,90537
2260595,89241
2260600,1089751
2260601,958667
2260603,955560
2260610,958669
2260613,1089760
2260622,90481
2260623,89332
2260626,89347
2260628,955406
2260632,90931
2260636,89197
2260641,90748
2260650,89323
2260660,2684204
2260662,90589
2260670,955395
2260680,2684566
2260689,1089746
2260699,89215
2260700,89205
2260706,1090937
2260710,89250
2260712,89207
2260717,99715
2260718,89607
2260723,1089829
2260726,89193
2260730,89490
2260737,2684437
2260747,1090936
2260775,2684465
2260778,1090963
2260783,89322
2260794,90042
2260808,89333
2260811,90906
2260817,2684174
2260819,2684164
2260820,89286
2260823,90423
2260824,90246
2260828,89623
2260838,91022
2260851,90155
2260853,956457
2260854,89262
2260856,955652
2260862,955681
2260869,955680
2260870,90762
2260882,2684342
2260883,2684326
2260889,1094230
2261413,2682556
2261423,108009
2261424,954599
2261425,954605
2261449,97140
2262374,92761
2262394,112208
2262402,953070
2262494,951073
2262502,114898
2262526,2685497
2262715,105750
2262721,102957
2262725,952931
2262736,95415
2262772,107749
2262812,949553
2262849,111625
2262860,2038583
2262861,115081
2262867,112377
2262902,2682310
2262906,2683890
2262909,98842
2262927,2685148
2262962,93109
2262964,89745
2264230,91362
2264240,89704
2266529,2684580
2266532,91015
2266535,2684048
2266537,2684042
2266539,90689
2266540,90773
2266541,955620
2266542,89394
2266543,90403
2266546,1083803
2266549,89438
2266561,1083704
2266562,89690
2266570,1083730
2266576,91016
2266588,2684200
2266589,91020
2266601,90496
2266607,955497
2266610,1089817
2266617,90725
2266627,89860
2266633,2684229
2266639,1089770
2266642,1089769
2266651,1083612
2266654,958709
2266658,956038
2266670,958726
2266685,2684640
2266696,90615
2266697,955571
2266699,89963
2266703,90562
2266704,90884
2266706,90568
2266707,1083708
2266710,90827
2266714,90524
2266725,89470
2266730,958720
2266734,1090956
2266738,2684396
2266753,90307
2267006,1163176
2267026,952423
2267028,952275
2267057,100261
2267079,96906
2267166,112925
2267170,115167
2267218,950851
2267270,108425
2267271,115089
2267274,108913
2267275,2684913
2267394,950921
2267400,949246
2267409,106131
2267411,114196
2267428,111946
2267431,103855
2267441,91731
2267456,88759
2267471,1087004
2267474,2682257
2267475,2683973
2267477,88904
2267513,2685715
2267515,1092107
2267516,949653
2267549,106521
2267558,106052
2267585,1089706
2267589,97639
2267629,101919
2267634,952743
2267649,89047
2267655,956578
2267743,112733
2267753,107180
2267919,1090197
2267920,115764
2267942,948303
2268036,2011575
2268056,99388
2268071,1091459
2268084,952404
2268096,2683828
2268101,92161
2268102,95228
2268103,95778
2268110,954357
2268114,103572
2268388,95909
2268391,958223
2268394,2683580
2268402,92711
2268439,111396
2268471,106008
2268473,104432
2268475,2683815
2268498,1721664
2268506,100470
2268510,111427
2268514,952242
2268515,952164
2268519,1083756
2268520,953780
2268536,952241
2268538,100335
2268555,1089597
2268576,94532
2268581,94495
2268582,1088876
2268584,94534
2268605,953109
2268613,1089891
2268625,93309
2268642,91167
2268643,89530
2268652,2684444
2268659,960275
2268660,958345
2268666,1089881
2268672,1091734
2268846,112859
2268853,108681
2268899,96658
2268963,2683979
2268975,113917
2268982,2139833
2268984,950921
2268992,1870835
2269096,109754
2269218,948995
2269219,1162328
2269234,113225
2269265,951112
2269350,950922
2269364,109986
2269403,953319
2269404,105444
2269414,1703649
2269434,1894215
2269443,953573
2269445,953316
2269455,1089433
2269487,2685799
2269491,1719492
2269502,2683792
2269503,103213
2269505,2683616
2269508,1091489
2269513,101108
2269519,101479
2269525,91717
2269535,99712
2269538,954077
2269543,952673
2269563,951697
2269593,953875
2269610,952133
2269689,949434
2269690,114465
2269702,2159261
2269703,2159261
2269724,1094237
2269734,2685623
2269760,950125
2269774,110499
2269779,2685503
2269792,2034916
2269955,99171
2269968,99940
2270058,114358
2270070,2682161
2270072,96250
2270087,1086801
2270104,958514
2270111,958512
2270115,99596
2270116,101400
2270119,958520
2270123,95473
2270173,1086655
2270222,2683696
2270238,2683697
2270249,89460
2270250,90955
2270256,90634
2270259,958243
2270279,2684212
2270407,1085939
2270434,112437
2270455,2685644
2270478,1722535
2270552,110469
2270553,107517
2270554,111659
2270555,1084275
2270561,103457
2270568,101955
2270577,1084132
2270578,96762
2270601,105838
2270624,98725
2270632,2683884
2270645,952270
2270649,1090578
2270650,1090580
2270651,1094946
2270652,1094946
2270654,1094946
2270655,1092060
2270669,2684483
2270689,96887
2270691,959571
2270718,1091726
2270727,958241
2270741,1090962
2270744,958677
2270758,112794
2270770,113095
2270774,2125283
2270778,950706
2270882,115062
2270887,949961
2270888,115640
2270960,110244
2271092,957292
2271102,1884148
2271110,109928
2271157,948140
2271158,106902
2271163,950812
2271165,109390
2271170,106406
2271171,956802
2271184,110090
2271193,948620
2271202,107630
2271272,1864948
2271278,2035050
2271287,1089974
2271293,948557
2271323,100630
2271366,952382
2271381,950507
2271465,96841
2271539,952275
2271544,1703258
2271620,106934
2271643,948557
2271713,100460
2271743,107266
2271835,104822
2271920,109877
2271996,948303
2272020,113015
2272048,949693
2272057,109996
2272061,948861
2272083,949128
2272084,115086
2272101,103332
2272250,108092
2272332,2015019
2272350,1091134
2272405,93579
2272406,93944
2272426,93934
2272428,102442
2272474,99005
2272476,1884058
2272493,2683739
2272506,98917
2272527,2683966
2272535,949542
2272538,99220
2272548,99213
2272570,92821
2272574,2684058
2272576,100509
2272577,953828
2272601,90471
2272617,2684078
2272621,2684614
2272622,1083676
2272627,1083713
2272629,1090937
2272637,1883991
2272641,90990
2272652,1089794
2272657,2684132
2272674,91033
2272676,1083681
2272677,958345
2272678,90919
2272679,90557
2272693,90676
2272716,90852
2272720,89947
2272727,2684199
2272733,91166
2272749,955281
2272760,90489
2272761,91193
2272764,90505
2272773,958411
2272779,101347
2272780,90245
2272799,89291
2272801,89646
2272814,1091897
2272817,89285
2272831,1090942
2272832,1083756
2272867,1090961
2272881,955238
2272886,95898
2272890,99368
2272898,96241
2273089,110131
2273107,107026
2273110,2685505
2273112,2685501
2273164,106496
2273168,106047
2273169,111129
2273203,2682224
2273205,2139915
2273210,1953514
2273216,103766
2273232,2683959
2273236,2683971
2273243,2682239
2273287,951925
2273294,104189
2273298,951927
2273299,102193
2273323,1172344
2273352,103901
2273355,99118
2273363,97982
2273369,90921
2273380,1089855
2273381,956056
2273383,2684725
2273617,1091769
2273635,2682405
2273636,2682404
2273647,106760
2273663,950837
2273689,113372
2273693,2683916
2273707,110502
2273712,99634
2273725,96328
2273726,100956
2273729,953649
2273735,102969
2273737,101955
2273751,101486
2273756,2685988
2273770,953154
2273778,953262
2273779,2684960
2273780,1083153
2273789,1091803
2273790,2159263
2273791,2683740
2273803,105154
2273806,953892
2273807,99801
2273808,97753
2273828,2683789
2273836,98471
2273885,2683960
2273886,2683958
2273893,2683960
2273895,100378
2273898,93052
2273920,100710
2273921,92181
2273927,1088099
2273928,955026
2273979,1145534
2273984,97336
2273991,101632
2274001,1090309
2274004,1091961
2274013,958627
2274014,958626
2274019,92029
2274021,102971
2274031,91455
2274042,104782
2274050,111395
2274060,98658
2274067,113437
2274068,2685659
2274069,948463
2274095,112298
2274103,109984
2274104,950765
2274115,107007
2274116,106496
2274136,2685667
2274139,2685666
2274141,2685665
2274149,948835
2274154,950469
2274169,114789
2274200,106527
2274268,2684800
2274270,2684799
2274291,951092
2274347,953471
2274348,2682296
2274357,1726458
2274361,97163
2274367,101022
2274370,102506
2274378,2137837
2274411,1087834
2274413,2683974
2380528,949276
2380552,1704341
2380582,115259
2380583,1884138
2380589,2685520
2380600,112202
2380634,105680
2380649,2137852
2380654,99122
2380678,958527
2380695,97293
2380696,101623
2380706,948461
2380707,1085006
2380717,94785
2380742,96674
2380749,98182
2380750,1090001
2380752,952199
2380755,1865633
2380830,91719
2380854,89085
2380947,1092141
2380996,113106
2381018,950203
2381896,2682653
2381897,2682652
2381917,113424
2381948,950469
2381951,113751
2381957,950822
2382017,1089157
2382042,2144460
2382068,948625
2382203,115642
2382248,2685657
2382249,2685652
2382292,111252
2382294,112833
2382296,113438
2382303,110621
2382308,2684802
2382403,95846
2382407,98036
2382431,99061
2382454,2682216
2382465,952911
2382491,2683972
2382497,952807
2382501,102860
2382505,2143986
2382530,954353
2382554,98001
2382557,104400
2382654,1083750
2382655,2684890
2382752,108352
2382753,114595
2382754,950469
2382767,1090853
2382776,96048
2382817,99614
2382866,112334
2382920,110035
2383036,1084323
2383228,951748
2383229,2682232
2383230,2682233
2383231,95428
2383233,952897
2383239,2685860
2383243,87595
2383244,952615
2383249,2685778
2383250,2685777
2383267,102751
2383287,1883958
2383301,101159
2383306,1091323
2383308,94592
2383335,102193
2383394,949164
2383395,115428
2383432,113637
2383519,2683910
2383521,2682248
2383526,100896
2383534,97030
2383555,103425
2383557,103648
2383629,107717
2383702,110734
2383742,950860
2383768,2144459
2383791,108725
2383813,100179
2383818,2683694
2383825,98618
2383827,95430
2383830,95605
2383960,948748
2383967,107650
2384012,111772
2384016,106110
2384066,951138
2384092,105128
2384100,95455
2384131,955212
2384152,97998
2384156,103694
2384169,107196
2384193,948988
2384249,948971
2384253,115618
2384273,948988
2384310,949674
2384314,948970
2384331,950606
2384403,115172
2384422,113785
2384434,949674
2384436,113785
2384438,113169
2384458,113785
2384548,951257
2384573,949260
2384616,114458
2384623,111941
2384635,951436
2384642,109194
2384731,105058
2384732,104768
2384739,99801
2384760,105363
2384763,104471
2384764,103002
2384775,109752
2384782,2128534
2384786,952368
2384795,96940
2384802,96940
2384819,1884024
2384841,110787
2384843,109746
2384858,97484
2384870,1086261
2384878,96253
2384936,2044933
2384971,1083264
2384976,2034917
2385006,1083366
2385021,952032
2385039,103879
2385040,99057
2385071,101988
2385078,103879
2385164,97630
2385166,1083250
2385289,1091408
2385300,2685621
2385351,114444
2385352,115695
2385374,112881
2385430,110946
2385474,110273
2385475,113891
2385478,114104
2385527,2130732
2385529,100378
2385557,89085
2385594,95178
2385595,2683938
2385605,107399
2385608,106142
2385610,106151
2385674,948434
2385681,113925
2385684,110609
2385693,950672
2385720,1100467
2385742,104295
2385751,103879
2385794,1083255
2385819,952544
2385829,104708
2385857,1088588
2385865,114401
2385866,113842
2385868,950801
2385893,114401
2385904,1088588
2385911,114455
2385932,106072
2385937,2012191
2385945,950574
2385952,110211
2385954,109078
2385961,948303
2385962,108284
2385966,109896
2385980,948303
2386018,110211
2386038,114037
2386049,948303
2386054,950361
2386069,110213
2386074,948303
2386086,1090888
2386099,112432
2386111,949115
2386114,948303
2386152,948972
2386155,106881
2386166,948972
2386198,113951
2386203,114798
2386205,113951
2386210,113951
2386211,113951
2386218,114798
2386223,107243
2386224,106570
2386230,108298
2386235,115225
2386240,114798
2386251,951580
2386256,106590
2386338,109305
2386348,108016
2386360,109370
2386366,950290
2386401,114739
2386411,948677
2386420,107392
2386423,113108
2386434,108016
2386435,111775
2386439,948988
2386465,104140
2386466,104685
2386476,104577
2386483,95585
2386507,100667
2386513,104067
2386520,104476
2386536,97322
2386547,101113
2386560,99380
2386561,1086038
2386564,96495
2386583,103723
2386591,953944
2386599,105929
2386610,951664
2386613,103437
2386621,96544
2386623,98795
2386627,105987
2386639,105987
2386641,102604
2386643,103973
2386644,102687
2386646,1703499
2386659,99572
2386660,1952586
2386661,951709
2386665,951709
2386669,104367
2386677,100536
2386678,96839
2386682,1952592
2386684,101091
2386685,952912
2386688,1171886
2386689,1100464
2386704,102604
2386719,105983
2386725,103890
2386732,952353
2386735,95773
2386736,99436
2386739,95659
2386740,100145
2386760,105983
2386771,101709
2386773,1952586
2386774,1884033
2386776,105119
2386789,103437
2386809,98407
2386819,95655
2386847,101910
2386854,104095
2386867,105982
2386890,105825
2386892,88869
2386893,95909
2386906,96144
2386915,105283
2386946,100389
2386948,102714
2386959,1720970
2386974,952450
2386977,952465
2386986,97345
2387006,100415
2387007,952375
2387012,102875
2387013,102701
2387015,2683767
2387025,100389
2387041,98475
2387042,101696
2387047,100880
2387049,105710
2387056,952981
2387058,952989
2387060,102714
2387062,952981
2387063,97702
2387064,952986
2387075,952465
2387081,958114
2387084,98490
2387089,1087802
2387106,97287
2387108,102701
2387117,103421
2387122,96954
2387134,952714
2387157,100362
2387161,952465
2387166,105849
2387183,98487
2387195,102701
2387197,102183
2387199,98490
2387219,958523
2387220,2683801
2387229,951886
2387230,102678
2387232,1091076
2387235,951886
2387270,952000
2387271,96015
2387286,954778
2387292,1088177
2387300,102870
2387313,100262
2387356,952000
2387360,1089477
2387361,97931
2387368,1892981
2387372,1883983
2387373,101135
2387405,103786
2387423,100801
2387437,2145228
2387460,99653
2387461,105831
2387480,101487
2387484,1089477
2387495,97457
2387500,954793
2387530,98751
2387563,98428
2387573,953815
2387581,106694
2387591,958209
2387592,1084903
2387593,1894577
2387607,2684409
2387612,1089352
2387613,954602
2387616,93625
2387619,94424
2387668,105577
2387671,1087315
2387680,95275
2387699,1084183
2387700,87898
2387722,2028188
2387726,103076
2387728,1086285
2387733,105771
2387751,98032
2387759,102767
2387760,98032
2387767,953031
2387791,98240
2387792,102617
2387793,1854356
2387803,96348
2387808,102617
2387809,96496
2387828,102445
2387832,958561
2387844,1087327
2387847,104086
2387861,96496
2387877,953756
2387894,89172
2387896,1092032
2387901,951713
2387902,952689
2387912,1086132
2387917,952357
2391524,99327
2391526,102222
2391527,96997
2391528,103932
2391658,87600
2391660,101623
2391662,97130
2391665,98442
2391667,98442
2391672,101135
2391676,101919
2391701,97154
2391705,104995
2391721,1089499
2391770,952805
2391771,953699
2391782,96864
2391791,98202
2391810,98115
2391855,949638
2391856,1089655
2391859,108634
2391869,113672
2391887,950672
2391892,107498
2391894,114034
2391931,950458
2391938,112744
2391944,948953
2391970,106105
2391978,949265
2391980,1088558
2391982,106047
2391986,110926
2391987,106056
2391990,949265
2391993,948303
2391999,949265
2392002,110926
2392003,110926
2392007,949276
2392041,948303
2392134,106705
2392189,113001
2392223,109773
2392236,110479
2392260,950492
2392389,105176
2392463,96200
2392467,95498
2392468,102901
2392477,96617
2392478,105350
2392480,103954
2392485,103176
2392487,96034
2392491,105444
2392510,1703649
2392515,1703649
2392522,98894
2392540,96016
2392541,102169
2392557,102714
2392558,98648
2392562,102169
2392563,96848
2392564,98648
2392570,98490
2392577,101895
2392605,97116
2392607,98442
2392627,2683986
2392628,2683985
2392629,2045766
2392688,101623
2392705,105142
2392722,105200
2392743,105200
2392765,1952574
2392775,91782
2392780,954926
2392796,87866
2392802,958529
2392810,1091020
2392828,87911
2392833,1088718
2392838,1084880
2392839,958529
2392841,1882663
2392860,104331
2392876,2683682
2392890,102922
2392913,98068
2392957,102316
2392965,1726451
2392968,105514
2392969,101718
2392970,97497
2392974,101350
2392978,92611
2392982,101135
2393011,97999
2393013,953538
2393038,108682
2393049,1089562
2393080,113528
2393097,111505
2393118,949276
2393121,109194
2393124,108592
2393129,108429
2393165,102637
2393166,102200
2393167,107101
2393172,109901
2393176,105722
2393200,1163192
2393210,96212
2393222,2685797
2393225,1083161
2393227,958114
2393239,2146615
2393241,102221
2393246,2682215
2393247,2683790
2393252,103409
2393254,101750
2393258,97701
2393261,102714
2393285,101865
2393289,91725
2393294,1083522
2393295,87656
2393300,91734
2393324,2025364
2393335,1084888
2393367,102445
2671009,950303
2671022,948303
2671023,948303
2671025,112430
2671026,112432
2671028,112432
2671045,106052
2671058,109896
2671062,106116
2671096,95498
2671098,96618
2671102,104688
2671112,96940
2671123,1091406
2671137,951433
2671148,950695
2671158,97109
2671159,95944
2671160,95931
2671162,1333716
2671176,953917
2671179,101900
2671201,2685928
2671205,952953
2671219,952026
2671221,2144552
2671267,96600
2671272,958171
2671275,98490
2671279,98475
2671280,103728
2671282,96954
2671285,97701
2671296,97238
2671302,100389
2671311,98490
2671312,102169
2671324,98648
2671335,98477
2671348,952611
2671349,1953524
2671361,952588
2671362,952588
2672910,2045767
2672923,953293
2672933,100604
2672965,1088141
2673024,954611
2673122,1089234
2673181,1090445
2673182,2683899
2673183,2683899
2673184,2683899
2673205,98006
2673224,953328
2673231,95516
2673255,953875
2673262,952440
2673265,97497
2673270,1083173
2673277,1083187
2673286,2684302
2673295,92736
2673315,101578
2673316,101047
2673320,955079
2673325,953793
2673374,102254
2673387,115679
2673388,114514
2673600,951660
2673649,113023
2673666,108636
2673681,109260
2673703,95441
2673707,92592
2673710,91768
2673715,91768
2673728,92839
2673730,92735
2673736,101497
2673737,101993
2673758,2684694
2673951,948992
2673956,113785
2674058,108153
2674085,113494
2674272,949265
2674297,95754
2674327,100486
2674420,948988
2674425,110964
2674555,114431
2674619,950087
2674621,106836
2674622,111484
2674685,958194
2674692,1884048
2674704,951713
2674706,1087073
2674720,948294
2674727,114198
2674728,106847
2674753,2685082
2674756,954830
2674849,94069
2674850,103005
2675698,101045
2675728,100692
2675734,1085146
2675742,102950
2678391,109388
2678451,103663
2678466,100933
2678468,96291
2678475,1092125
2678483,91802
2678510,111072
2678520,115638
2678526,110822
2678569,98018
2678605,103017
2678606,103017
2678614,1086579
2678622,102873
2678638,101778
2678657,96839
2678662,96839
2678671,102687
2678673,97193
2678677,95882
2678680,99572
2678682,105794
2678689,105929
2678701,100667
2678715,103608
2678716,96741
2678718,105983
2678737,2685899
2678756,98487
2678758,102714
2678774,958523
2678775,958114
2678776,102875
2678780,958523
2678783,98490
2678784,98490
2678796,105930
2678810,100470
2678818,99795
2678858,956407
2678898,99503
2678914,98682
2678916,96720
2678941,100907
2678944,99007
2678966,108241
2679000,948836
2679002,114998
2679025,107983
2679059,106701
2679115,108293
2679130,948989
2679218,113481
2679249,948972
2679263,96959
2679335,1864949
2679343,105490
2679345,101749
2679375,1084906
2680518,115735
2680521,113678
2680522,949058
2680534,949265
2680548,111215
2680570,111363
2680586,2682599
2680590,1086937
2680701,1872704
2680769,111775
2680847,93650
2682043,100076
2682072,948303
2682073,948303
2682080,112440
2682085,106072
2682114,106044
2682133,1088543
2682677,112399
2682826,104140
2682830,110924
2682839,96959
2682855,103437
2682859,96930
2682866,96839
2682874,103608
2682886,96335
2682896,102873
2682909,102873
2682910,96930
2682914,96839
2682922,95566
2682940,953607
2682952,2031049
2682957,103904
2682982,98931
2682999,953517
2683002,102875
2683010,101696
2683011,102701
2683020,2683906
2683027,98475
2683030,102183
2683031,95577
2683034,103474
2683036,100027
2683047,98475
2683049,98487
2683056,958088
2683058,98490
2683063,97076
2683065,98490
2683066,98490
2683068,97076
2683089,951886
2683115,1087549
2683121,92602
2685727,2683965
2686033,2683680
2686042,1089531
2686043,1089528
2708035,953875
2708038,104976
2708088,107180
2708091,115499
2708145,951188
2708148,1090489
2708151,111941
2708179,115569
2708228,115594
2708233,103572
2708236,2685934
2708251,98475
2708252,951886
2708257,1859128
2708266,102212
2708275,1084639
2708276,105970
2708299,1086162
2708302,102013
2708306,96230
2708532,108151
2708573,113470
2709440,953216
2747564,110926
2747587,106570
2747595,948971
2747628,115428
2747632,110708
2747681,113108
2747737,101631
2747741,1953528
2747751,98648
2747756,103135
2747760,105962
2747761,100362
2747775,92325
2747779,2682258
2747787,104840
2747794,98068
2747842,1090403
2747865,1089477
2747869,96964
2747875,100165
2747939,106530
2747964,114805
2747990,1090050
2747998,111297
2748009,949638
2748036,112764
2748056,2685682
2748057,2685683
2748061,106472
2748065,113722
2748069,949332
2748071,114829
2748073,949404
2748094,948386
2748105,106260
2748115,107518
2748117,112111
2748120,108567
2748148,951291
2748153,951291
2748162,948303
2748193,102217
2748200,1091021
2748206,96280
2748215,952532
2748219,97318
2748220,96940
2748221,99459
2748230,104140
2748234,95477
2748241,105982
2748246,101910
2748263,106661
2748274,96372
2748290,98581
2748302,2683865
2748341,100389
2748343,102678
2748344,951886
2748366,93538
2748371,953005
2748408,99639
2748418,1086659
2748421,954605
2748423,1086653
2748434,101163
2748437,1086655
2748438,1091533
2748440,1086653
2748442,954605
2748447,1086659
2748456,92849
2748458,93150
2748467,95124
2748468,93538
2748470,93458
2748473,93323
2748479,2139100
2748480,2139109
2748481,2139101
2748496,99165
2748506,94896
2748522,104280
2748525,94918
2748539,2039740
2748541,2039737
2748558,99466
2748579,97804
2748603,1890173
2748610,948880
2748617,952527
2748621,951664
2748677,91321
2748886,949293
2748912,111386
2748932,111485
2748935,111223
2748937,111524
2748938,115142
2748940,108471
2748941,948881
2748943,111481
2748947,2039732
2748968,113951
2749087,950290
2749117,100261
2749139,102292
2749195,98782
2749197,951660
2749233,98209
2749235,96359
2749245,104638
2749276,97618
2749293,1089503
2749302,953765
2749357,94857
2749421,955530
2749426,104911
2749428,95687
2749438,2684960
2749444,91442
2749468,110595
2749473,107046
2749480,948996
2749548,949265
2749561,110918
2749567,108593
2749587,949265
2749620,113667
2749628,109958
2749674,1895459
2749675,107212
2749717,950703
2749743,1716261
2749846,99057
2749869,948303
2749902,109896
2749926,102058
2749932,95428
2749937,96216
2749945,103608
2749947,103637
2749949,103437
2749955,96839
2749971,104067
2749974,104476
2749989,1089649
2749992,2685791
2749996,105982
2750002,1703575
2750015,96954
2750044,96204
2750052,1852812
2750064,954965
2750065,954966
2750067,954966
2750073,958624
2750075,94039
2750094,1084730
2750111,1084709
2750137,96496
2750269,105983
2750514,91318
2750515,91684
2750532,2025644
2750550,113398
2750572,950178
2750578,2685504
2750579,2685498
2750580,2685502
2750607,956622
2750637,951113
2750694,97855
2750697,99610
2750711,109749
2750777,112744
2750801,107451
2750846,106146
2750851,949265
2750852,948303
2750855,949265
2750863,110926
2750889,114341
2750980,108910
2751007,110992
2751022,2685967
2751024,103652
2751030,96637
2751065,104414
2751085,98072
2751147,87563
2751162,96522
2751186,92106
2751228,94896
2751231,96363
2751235,1875950
2751244,952599
2751336,107180
2751344,949409
2751422,107169
2751495,97076
2751498,103728
2751507,102678
2751509,97701
2751515,952989
2751517,100389
2751519,101696
2751534,97117
2751535,97085
2751541,95966
2751544,2684599
2751550,100056
2751612,104089
2751616,95459
2751675,2684559
2751694,1091922
2751703,88987
2751708,957304
2751728,949602
2753213,114401
2753286,107226
2753307,110479
2753527,112477
2753530,109735
2753534,107035
2753614,103437
2753615,95882
2753624,1086572
2753632,97193
2753644,103723
2753680,101221
2753681,956841
2753696,953926
2753711,2682600
2753735,100880
2753736,98490
2753737,100880
2753763,93067
2753770,955022
2753771,91751
2753910,954184
2753912,2044949
2753913,92847
2753920,97123
2753933,952000
2753940,2145228
2753963,1719501
2753967,100989
2753985,95754
2753998,1083263
2754110,1090537
2754239,103267
2754292,95425
2754323,95441
2754337,1087842
2754347,103022
2754398,2685405
2754403,2685410
2754407,2685545
2754408,2685615
2754422,949150
2754438,950631
2754451,106073
2754467,115225
2754484,115225
2754668,948642
2754684,107157
2755012,92107
2755021,101696
2755022,952651
2755023,102046
2755024,102169
2755027,102714
2755028,2682248
2755036,1715341
2755038,951886
2755042,1089325
2755079,953738
2755084,2139117
2755100,1092013
2755118,97804
2755588,90782
2755929,1087816
2755931,88967
2755949,1089926
2755951,959384
2755952,959383
2755956,90026
2755957,89528
2755958,90172
2755959,955363
2755992,1090724
2755997,1091850
2756001,90958
2756009,958313
2756013,101904
2756031,90958
2756033,90566
2756036,1091890
2756039,90571
2756058,90395
2756126,97943
2756146,101367
2756210,99622
2756316,107152
2756319,107260
2756339,948292
2756366,1088581
2756369,948303
2756402,948303
2756532,109422
2756557,950969
2756588,97076
2756589,958499
2756590,105096
2756592,105096
2756594,98490
2756600,98478
2756616,2027764
2756655,91623
2756662,101773
2756725,948972
2756870,113345
2756880,107413
2756884,952397
2756887,99498
2756903,104095
2756915,105750
2756932,97266
2756950,103316
2756961,95071
2756987,2125186
2757060,2682256
2757070,97739
2757091,1720965
2757094,952872
2757107,88596
2757134,1088519
2757194,96282
2757204,955661
2757236,101893
2757240,951817
2757241,951857
2757246,2141283
2757293,91216
2757418,92634
2757429,953465
2757484,112651
2757489,110926
2757499,1088595
2757546,949682
2757553,950424
2757655,103682
2757684,1871386
2757742,959548
2757752,1090883
2757760,106105
2757777,951436
2757782,949265
2757808,106186
2757810,949093
2757811,949093
2757813,1090891
2757828,951112
2757967,103663
2757968,104125
2757979,95616
2757989,100880
2757992,98490
2757997,98490
2758005,953856
2758892,2139103
2758896,94670
2758913,2015008
2758920,2683899
2758950,105983
2758956,1857095
2758975,87568
2759009,2682650
2759012,2684893
2759015,2684938
2759029,1089754
2759035,103020
2759078,1090853
2759119,104661
2759124,1871383
2759141,91705
2759154,101892
2759161,101885
2759184,1090755
2759198,1089857
2759208,950657
2759314,112840
2760172,97702
2760174,97076
2760175,98490
2760176,98490
2760182,95865
2760202,105547
2760204,92077
2760217,958155
2760223,2136675
2769505,103749
2769523,109266
2769533,107831
2769573,111111
2770115,102404
2770116,953893
2770118,953894
2772075,106605
2772079,950822
2772134,105143
2772151,1083250
2772172,103438
2772173,103456
2772174,103017
2772180,103415
2772217,1089357
2772254,101298
2772269,91464
2772301,101172
2772304,956100
2772312,2159815
2772322,109849
2772349,951260
2772482,109285
2772488,951073
2772505,112247
2772512,107932
2772555,2034263
2772556,96672
2772608,113785
2772668,115594
2772690,103879
2772741,948303
2772747,950361
2772748,948303
2772763,949093
2772793,948991
2773090,98071
2773147,2128534
2773153,96839
2773156,951709
2773167,2031049
2773168,103973
2773171,96839
2773174,97193
2773175,103437
2773178,95628
2773179,96839
2773182,103637
2773184,99572
2773191,103437
2773226,97117
2773231,96954
2773238,98490
2773239,105958
2773241,98490
2773248,105096
2773250,104912
2773276,2045765
2773322,2683901
2773324,103618
2773360,101682
2773371,88402
2773372,97935
2773379,98793
2773541,1089619
2774568,97701
2774570,105156
2774575,2156677
2774599,1092019
2774607,1084747
2774611,956435
2774613,101648
2774638,2682527
2774792,96940
2774802,1703649
2774813,102046
2774820,2137837
2774821,2137837
2774838,1084768
2774861,105024
2774871,97989
2774920,114919
2774928,111328
2774939,111252
2774946,1090253
2775006,103888
2775038,102404
2775071,2682209
2775075,2143156
2775086,98478
2775088,102900
2775100,2683930
2775114,95515
2775116,958604
2775117,99102
2775129,1089016
2775132,2683705
2775147,2683952
2775164,102496
2775257,98025
2775574,109869
2776847,1090069
2777817,1084255
2777830,950695
2777834,1085198
2777868,106186
2777871,106186
2777911,115172
2778030,93489
2778042,93484
2778072,1716262
2778170,114018
2778180,111500
2778194,114023
2778195,112995
2778212,105264
2778222,105536
2778226,102473
2778233,96839
2778235,96839
2778241,103026
2778243,102834
2778244,101009
2778252,103248
2778269,98026
2778290,96204
2778291,952270
2778296,92487
2778423,107072
2778452,110385
2778514,113667
2778589,95458
2778601,100378
2778604,2021644
2778606,101067
2778623,2683642
2778632,1084765
2778968,100362
2778969,958115
2778970,105962
2779032,1087315
2779052,104420
2779053,104320
2779085,105852
2779101,111406
2779470,949638
2779471,949638
2779674,96254
2779954,96931
2779975,2682212
2779979,102169
2779991,101039
2780076,1087895
2780132,97098
2780136,952016
2780219,950624
2780303,102058
2780305,96839
2780309,99486
2780316,101888
2780322,96274
2780327,95493
2780363,105982
2780378,2683906
2780379,97515
2780393,2682214
2780791,1084170
2781598,103341
2784688,2027764
2787299,1088548
2787460,103752
2787496,108708
2787544,113442
2787720,112515
2788136,949674
2788302,2682669
2788306,97528
2788313,952651
2788315,88401
2788321,102701
2789429,106434
2789440,97119
2789442,96540
2789443,102404
2790664,2683611
2790721,1086200
2790722,1086201
2790729,104840
2790748,2684591
2790777,951257
2790778,110595
2790831,948922
2790847,108143
2790879,109896
2791025,115499
2791028,107243
2791119,2139914
2791123,1094411
2791130,2024938
2791134,100378
2791136,2024937
2791146,96959
2791149,105144
2791155,1165512
2791172,91422
2791179,1873550
2793470,114087
2793491,88352
2793520,1703495
2793545,97076
2793547,952375
2793555,88401
2793567,97620
2793572,102619
2793584,98068
2793603,93259
2793630,108294
2793687,950461
2794086,109305
2794167,98490
2794169,100421
2794177,95519
2794178,952651
2794206,100549
2794220,2040961
2794253,103897
2794278,96027
2794292,95701
2794293,2028451
2794298,99107
2794299,100182
2794300,99305
282979,949276
282983,101708
282990,1091534
283002,95459
283007,102527
283017,92729
283019,97961
283021,100568
283024,92320
283028,103305
283035,96183
283036,96257
283037,96861
283042,103229
283060,95508
283062,95477
283081,95984
283093,1090131
283102,96843
283103,955104
283112,91926
283113,104984
283115,103211
283117,102158
283120,92842
283121,92013
283123,104524
283125,1092161
283128,102749
283129,104379
283130,98479
283132,101726
283135,108307
283136,112646
283137,112713
283139,97009
283140,97009
283141,98466
283143,96081
283144,96489
283145,92061
283156,94705
283161,103518
283166,95908
283167,95726
283174,104518
283179,104899
283180,97520
283181,105850
283184,104245
283191,102310
283197,115422
283198,103291
283200,100313
283201,104185
283202,102489
283208,114938
283220,92472
283221,92825
283225,93291
283227,104145
283228,958511
283233,102503
283234,105641
283235,97149
283236,103437
283237,102687
283238,105536
283239,104061
283241,96569
283249,92572
283250,954893
283251,100337
283254,107917
283272,952669
283281,98080
283283,1087569
283286,91308
283287,91336
283294,100679
283299,92940
283307,92336
283312,100325
283315,101410
283319,92841
283320,93158
283322,96447
283323,96439
283324,102123
283325,92149
283326,102122
283327,952752
283329,96020
283335,100678
283339,104485
283341,104416
283345,101924
283352,96151
283359,1084076
283360,88143
283366,1084138
283379,96657
283380,105528
283381,103041
283389,95065
283402,91702
283408,92929
283409,102729
283417,101837
283420,1090649
283424,95507
283425,95564
283427,93848
283442,1088816
283448,93577
283449,93482
283450,94970
283457,95452
283466,89385
283474,949924
283488,104300
283509,95430
283512,99161
283528,95681
283548,103689
283550,953930
283575,92975
283577,92975
283579,99971
283580,1083267
283582,93588
283589,94590
283616,111340
283620,1084152
283625,954210
283638,99091
283641,91710
283681,90613
283714,952481
283728,95441
283732,114955
283739,94083
283757,952730
283775,100373
283794,952514
283822,95087
283825,96151
283827,91719
283828,92596
283833,95849
283835,98661
283841,104363
283842,102493
283850,96447
283864,96843
283866,102872
283867,951436
283872,93246
283888,104541
283889,95451
283895,96756
283900,102263
283944,91868
283954,1087550
283975,958575
283987,96954
283988,92778
283991,89386
283996,96137
284003,91715
284012,92733
284018,105982
284019,952435
284020,91763
284046,103228
284056,96999
284059,103179
284061,97049
284062,103632
284063,102410
284076,102182
284085,96270
284087,90922
284095,102399
284100,89236
284102,951663
284106,105472
284110,104451
284111,96635
284113,104741
284115,93977
284127,91837
284144,951744
284184,956621
284187,92030
284195,949265
284206,1090512
284209,2031061
284215,99207
284232,949276
284266,2683573
284270,100729
284279,105133
284286,92766
284292,95424
284302,101412
284306,91763
284318,103189
284341,951663
284352,102884
284380,103110
284383,106125
284387,99749
284391,952207
284393,96447
284394,103803
284395,96447
284409,91834
284411,87981
284423,1726436
284427,95603
284428,104828
284429,104820
284437,92042
284446,93144
284447,92903
284450,103899
284457,89228
284461,95503
284462,111340
284471,95512
284474,96908
284475,104921
284478,950344
284485,949265
284491,96848
284495,99208
284498,113322
284503,95440
284507,99138
284521,950706
284525,107343
284534,114314
284536,105944
284546,105137
284553,100816
284555,105407
284558,102410
284559,96931
284561,102410
284563,114690
284565,96968
284580,96957
284582,96881
284583,101773
284585,952489
284588,97431
284589,103159
284593,105521
284594,96802
284595,96827
284596,104844
284602,1089959
284606,114142
284610,105954
284612,97689
284620,98661
284625,105034
284629,95505
284631,102875
284632,98473
284639,952413
284650,102965
284654,95480
284663,952722
284674,92792
284676,1085971
284681,1087046
284693,99326
284695,96270
284698,1090982
284709,1084134
284721,96827
284724,952532
284726,2684424
284729,1084656
284732,949796
284736,95937
284737,2030602
284741,98763
284747,92181
284752,96900
284758,104541
284762,98468
284767,97237
284773,100924
284774,1083423
284777,101081
284793,99477
284807,102318
284811,1086250
284815,95605
284822,102221
284839,114382
284841,99209
284845,104325
284849,94931
284850,104422
284857,105320
284858,958591
284865,1087550
284874,97051
284876,97076
284877,91957
284878,103181
284895,97259
284902,1090438
284915,95702
284916,1087421
284948,1086673
284949,110787
284952,92050
284953,104500
284955,93832
284962,109720
284963,109720
284974,96445
285006,2683796
285017,93875
285020,91987
285072,93059
285076,1084715
285099,100569
285110,91719
285111,110562
285117,1084369
285147,103552
285152,2684415
285154,110241
285156,100322
285165,949265
285166,1089528
285167,103061
285169,92634
285175,949265
285181,94098
285182,93091
285187,112006
285193,109746
302100,954303
302102,93530
302104,112426
302105,94715
302118,92358
302120,954310
304533,92036
304535,99459
304540,105426
356377,96629
356387,102726
356393,2683903
356412,103657
356424,102927
356427,1083433
356437,952297
356440,95475
356444,97995
356461,105508
356484,1084753
356498,2014956
356508,102089
356509,104491
356517,1087444
356530,1089463
356547,98474
356552,98402
356565,97616
356568,104814
356587,100826
356598,1720958
356619,105306
356635,1083405
361428,113448
361432,102849
361434,953212
361437,1092020
361443,102285
361450,87971
361462,105840
361463,1090003
361496,115692
361499,95577
361516,1086934
361539,2136667
361553,1884052
361557,113542
361605,102463
361621,98050
361626,95461
361628,948251
361640,100160
361650,112445
361658,102962
361669,2157095
361686,98648
361729,1086664
361763,91743
361799,953747
361800,105504
361806,1719994
361836,112445
361842,95833
361843,2043562
361845,101995
361868,98910
361908,1088193
361921,951014
361922,950729
361966,950822
361981,103479
361986,113824
362029,112533
362062,112446
362063,101359
362064,952441
362082,1726388
362124,111213
362133,113769
362157,114998
362164,2012602
362185,1884046
362202,105104
362221,105117
362222,2683895
362257,107023
362268,948331
362286,950510
362302,950667
362303,957282
362309,105864
362350,101231
362364,112437
362385,105427
362397,104727
362425,950822
362429,113539
362450,96576
362451,112436
362477,1888801
362481,950510
362495,88554
362522,111213
362531,115374
362537,95742
362544,102607
362563,112436
362570,112436
362608,1088580
362640,96847
362679,1086142
362723,110735
362737,97842
362764,102875
362822,95635
362841,111039
362854,112689
362911,98265
362935,114439
362974,950550
362992,98787
362997,102439
363006,102348
363026,105926
363029,97141
363033,106100
363055,100468
363072,102464
363087,1088580
363100,106050
363103,100477
363114,111264
363120,102047
363127,950510
363135,111210
363151,1084751
363167,108913
363200,98905
363214,114541
363216,98933
363414,107344
363420,113977
363424,952215
363446,110641
363485,106427
363489,100196
363506,106227
363510,95458
363523,114614
363525,104022
363527,103047
363529,105518
363534,952674
363539,952718
363540,101749
363541,95808
363543,102248
363544,103824
363547,108869
363548,99107
363549,102165
363556,1089584
363562,104787
363564,105284
363568,106911
363569,112753
363587,109575
363589,2029575
363593,2684673
363602,101877
363610,99238
363623,98899
363628,948932
363633,958182
363634,96647
363641,1882673
363664,105437
363669,113414
363676,102310
363687,104822
363702,93962
363705,951056
363737,96164
363753,111659
363784,94787
363785,115781
363786,1084730
363789,95570
363808,1089979
363829,2026642
363842,114473
363886,1872704
363893,2685807
363934,1087575
363935,111774
363965,96062
363993,1857143
363997,101586
364054,95942
364061,951344
364065,107948
364068,111659
364107,111297
364140,113473
364149,948346
364155,114185
364169,100188
364180,952807
364206,1089259
364232,950212
364241,107453
364242,109315
364253,960078
364260,1090667
364265,112786
364270,99097
364295,111046
364341,104559
364345,109791
364382,2047416
364390,113018
364401,97409
364435,949235
364447,2030602
364517,106267
364531,93634
364560,112333
364571,114917
364589,109319
364596,1953959
364625,103011
364637,96917
364641,111299
364676,95618
364711,1866123
364723,101771
364726,105552
364748,97234
364825,949206
364827,107946
364829,948173
364916,97409
364917,109151
364918,104818
364920,1871383
364931,1894585
364944,113108
364986,90622
365011,104042
365045,109509
365065,95803
365075,106564
365078,111340
365085,107737
365100,956196
365109,106068
365138,1089217
365139,104381
365169,114050
365173,113326
365191,95946
365197,113547
365207,112166
365208,1091077
365238,1089520
365241,108420
365255,98044
365262,1091289
365342,96297
365348,952696
365360,115760
365364,96652
365372,99239
365373,95676
365431,103638
365443,952266
365447,2146635
365546,97631
365547,951403
365594,949638
365650,109315
365668,109264
365694,109919
365700,109151
365709,108103
365743,102472
365754,952484
365756,109717
365783,104503
365813,98792
365832,103231
365836,95963
365855,1083245
365862,103243
365885,951911
365894,109194
365901,1091843
365915,101919
365916,100514
365917,2683978
365922,100501
365950,952494
365953,107345
365959,104628
365974,950473
365977,112430
365987,103979
366052,112926
366089,2685888
366116,104829
366119,1083365
366138,110808
366160,101195
366197,109000
366209,109791
366211,99490
366245,97086
366253,948331
366281,1086252
366298,1088646
366335,2157084
366359,1087215
366449,113845
366461,949313
366498,103699
366534,102506
366576,1704343
366588,2008104
366600,1088554
366608,2137862
366648,92047
366687,113525
366759,1091812
366767,93147
366771,103392
366791,92553
366881,87639
366929,103601
366939,105443
366971,113861
367007,1091118
367035,1084704
367036,101194
367087,111941
367104,98871
367107,108407
367151,950290
367169,951291
367175,1087418
367197,948207
367212,103067
367229,97474
367233,948385
367251,952269
367258,109689
367340,102135
367348,112574
367353,948989
367354,952682
367371,109723
367379,948835
367399,952217
367424,105254
367441,106689
367451,107431
367458,107124
367525,949022
367537,1085962
367540,101558
367546,108593
367550,108000
367569,953910
367579,109765
367581,113388
367596,951911
367639,94699
367670,96919
367691,104772
367705,1090527
367708,100478
367720,114695
367764,114240
367766,95450
367771,91715
367776,1091269
367793,98477
367802,108944
367806,113769
367821,107705
367840,949901
367869,99520
367938,98887
368041,948995
368068,109004
368069,950148
368079,98758
368106,104647
368196,114014
368202,95500
368218,99876
368265,112661
368313,112612
368316,114082
368322,948165
368327,113940
368343,113769
368349,97947
368352,110072
368372,104662
368383,105514
368388,953009
368414,101841
368420,105745
368520,108829
368570,113585
368589,1089632
368606,102869
368624,92699
368627,114881
368639,102840
368656,113301
368664,952269
368674,1091289
368704,94787
368711,97565
368721,112085
368753,95811
368772,97003
368774,100553
368787,101484
368841,95763
368842,108304
368845,114240
368886,952764
368893,112602
368895,102498
368900,103973
368916,95618
368948,93246
368955,105928
368969,2683711
368972,106094
368986,2683590
369031,103943
369037,98121
369048,1089286
369067,96139
369077,105129
369126,99800
369152,956832
369207,95696
369244,104891
369261,97071
369264,109767
369381,112829
369384,115735
369398,95916
369410,1084579
369427,105116
369436,107754
369444,114838
369447,102731
369463,1895464
369489,108277
369509,2685809
369575,952515
369594,113868
369602,115263
369643,97705
369667,98170
369687,114717
369695,114969
369715,99923
369743,114736
369748,113930
369790,948706
369799,2685941
369800,99047
369801,95499
369826,104647
369838,108944
369851,97018
369856,111250
369866,113779
369867,112869
369879,98258
369882,1083417
369904,107976
369913,101194
369925,106263
369945,1086952
369954,106164
369955,2685934
369972,952782
370002,108224
370021,950698
370029,106234
370039,114422
370044,113388
370057,113388
370070,105852
370073,99505
370081,1088611
370172,113647
370195,100073
370242,99601
370285,949207
370338,106288
370390,100140
370393,105299
370401,1091951
370404,110819
370406,102092
370444,95602
370445,2685222
370447,114789
370464,98895
370491,108267
370494,104943
370495,105573
370521,107645
370526,97619
370529,104939
370539,1723405
370581,110496
370600,102471
370614,100764
370623,1145533
370638,97331
370647,105366
370656,102800
370658,103317
370686,949700
370742,98897
370749,98751
370758,100814
370791,113356
370830,2021679
370840,98059
370867,113996
370906,109449
370910,115738
370925,1090011
370947,104523
371005,110683
371011,950187
371039,111302
371042,105574
371067,109026
371135,111568
371153,113742
371187,1089464
371197,108864
371297,114259
371315,1882673
371339,114164
371358,109373
371372,108947
371377,953224
371392,107088
371398,109561
371406,115025
371413,114635
371416,97062
371424,115202
371460,2683843
371564,102911
371578,101407
371624,96259
371664,1091529
371703,102774
371750,949265
371768,113477
371788,110391
371796,101454
371807,112651
371810,110713
371819,102319
371926,105286
371935,97494
371940,104285
371977,1086937
371995,105737
372017,104027
372031,108267
372035,101207
372055,103350
372151,115779
372212,1089966
372226,1882672
372264,114496
372283,105368
372343,97486
372384,109196
372403,100139
372418,100919
372591,951178
372610,949047
372627,1091060
372639,950208
372700,2685485
372710,107512
372770,105378
372773,95585
372786,107178
372796,114996
372797,1722455
372870,99560
372912,1088667
372923,105411
372992,100879
373009,100362
373027,102455
373050,950004
373081,111610
373099,1084642
373101,96694
373179,1094410
373184,95893
373245,948147
373340,102209
373349,95459
373354,103188
373473,108238
373481,951928
373482,97976
373497,113388
373499,102771
373515,98249
373556,109382
373612,97963
373621,953264
373654,111631
373664,103631
373667,111371
373730,101589
373733,100879
373763,96346
373767,106070
373823,115288
373834,97188
373849,108076
373881,97039
373882,107145
373887,96017
373911,113834
373912,102079
373953,100131
373956,1084095
374025,108375
374049,957993
374127,108103
374142,953263
374153,1091269
374218,98469
374219,108304
374225,96476
374277,115321
374387,99623
374402,115027
374409,113251
374508,108860
374509,96984
374510,101831
374627,108093
374641,103864
374665,92386
374691,97003
374700,1725330
374701,105814
374719,102072
374802,100300
374816,104659
374822,105306
374828,114278
374831,107348
374836,104749
374837,1091576
374851,106815
374853,95694
374854,953030
374861,105335
374941,949638
374946,949948
374947,108818
374951,99745
374954,103864
374974,109466
374980,958186
374983,103560
375094,114917
375159,115332
375207,948348
375283,1087315
375299,96181
375345,96126
375371,108732
375400,948587
375517,114528
375530,113782
375533,103648
375545,115588
375552,115168
375585,96528
375587,115550
375589,98388
375651,114494
375677,107511
375703,99663
375706,97583
375708,107454
375721,110832
375722,1089581
375814,114283
375822,104728
375841,95525
375848,107227
375871,104393
375879,1847165
375908,103966
375918,98341
375978,98884
376068,108672
376070,113077
376073,949265
376084,104974
376094,95484
376119,950744
376151,103832
376157,113553
376164,91415
376211,113379
376257,1087011
376336,953488
376381,114014
376401,949183
376479,109625
376482,101898
376507,112069
379071,99513
379092,96660
379127,93243
379133,96243
379172,101290
379173,952767
379174,103323
379176,958017
379189,104541
379192,1089486
379196,953460
379198,104812
379209,956167
379211,103073
379218,100678
379252,102594
379271,2028445
379277,100321
379287,100326
379302,100375
379307,88581
379310,958592
379313,105976
379314,97096
379316,96105
379324,1089611
379325,952982
379326,952979
379338,97758
379344,100324
379345,100263
379346,2037284
379347,105710
379358,105152
379374,1703494
379389,96875
379404,1087798
379423,102695
379427,1172347
379432,104478
379453,952720
379461,98261
379464,95917
379465,98259
379469,99617
383323,105974
386076,97125
386077,89037
484830,88603
584267,954060
584268,89325
584271,90747
584276,104325
584277,102716
584289,95276
584305,1084132
584319,112165
584321,90852
584362,106062
584363,100445
584368,114125
584373,949276
584395,99204
584399,949265
584402,106488
584406,103728
584414,99204
584433,104325
584477,97644
584498,106371
584501,90170
584502,950667
584504,108284
584505,954887
584518,949265
584522,108284
584540,114125
584548,97357
584562,114125
584577,949276
584583,949265
584588,106067
593716,949265
599587,91697
599594,102527
599615,105451
599616,102434
599617,91831
599618,104662
599619,2157044
599621,99215
599622,99457
599626,114075
599627,2685993
599631,100229
599637,104111
599639,91803
599643,101687
599651,96360
599658,97055
599659,96808
599661,107207
599664,103807
599670,105665
599671,953212
599672,95601
599706,106150
599708,109866
599715,106826
599731,952315
599739,99206
599740,99206
599744,91413
599745,112202
599775,103170
599776,95876
599792,100324
599797,1865624
599801,950453
599822,93712
599826,104662
599831,102647
599845,950866
599849,949568
599861,104309
599871,95562
599883,91876
599888,952464
599904,103851
599905,99477
599907,93577
599908,103175
599918,114497
599925,106123
599935,114496
599938,95321
599940,100417
599944,91814
599958,1087494
599963,97628
599964,99206
599978,98661
599983,104207
599990,98472
600009,109974
600010,99541
600023,99670
600026,956832
600028,954802
600037,96966
600044,953856
600053,103291
600057,114897
600059,99492
600068,952067
600072,99419
600079,98209
600087,951891
600089,104317
600093,93999
600096,112653
600097,112662
600101,110154
600105,99588
600108,99671
600136,98472
600137,102169
600142,109059
600152,94942
600158,1703502
600161,111185
600164,1849174
600171,103350
600176,93626
600195,114678
600197,103516
600203,952669
600206,107293
600210,950822
600221,952989
600240,99613
600251,99419
600252,949265
600254,952830
600263,100229
600271,954475
600288,99670
600289,99588
600301,93057
600305,1090634
600340,952426
600348,104662
600357,98467
600358,98490
600385,1090652
600387,953138
600407,102972
600411,1715330
600414,97594
600415,102847
600416,104994
600417,97577
600425,105028
600431,97577
600432,105497
600433,97577
600445,99229
600454,110793
600461,103175
600470,92195
668848,114125
914299,99652
914303,102293
914305,95460
914306,102944
914308,1086187
914309,953363
914325,952532
914337,2044943
914341,103238
935133,88579
935134,88651
957439,91999
957443,93061
957447,88858
957453,92099
957456,1086282
957471,1083139
957476,89052
957483,88586
957500,88907
957509,89037
957563,101219
957573,1090299
957580,1725877
957589,88850
957590,1725877
957610,88998
957619,1090298
957626,103452
957649,954862
957654,954753
957656,101537
957682,958450
957693,956167
957704,1083080
957710,89134
957719,88931
957720,88689
957728,88661
957733,88550
957740,1090390
957746,88759
957748,88608
957754,88644
957758,89064
957764,956167
957765,88595
957776,88573
957778,95570
957783,956115
957819,88553
957821,88564
957824,89122
957838,955082
957855,88677
957862,88678
957872,956167
957875,1087866
957891,88951
957895,88624
957897,102751
957911,1087862
957914,92106
957924,1725877
957952,88677
